CREATE DATABASE  IF NOT EXISTS `pipe_lake` /*!40100 DEFAULT CHARACTER SET utf8 */ /*!80016 DEFAULT ENCRYPTION='N' */;
USE `pipe_lake`;
-- MySQL dump 10.13  Distrib 8.0.21, for Win64 (x86_64)
--
-- Host: localhost    Database: pipe_lake
-- ------------------------------------------------------
-- Server version	8.0.21

/*!40101 SET @OLD_CHARACTER_SET_CLIENT=@@CHARACTER_SET_CLIENT */;
/*!40101 SET @OLD_CHARACTER_SET_RESULTS=@@CHARACTER_SET_RESULTS */;
/*!40101 SET @OLD_COLLATION_CONNECTION=@@COLLATION_CONNECTION */;
/*!50503 SET NAMES utf8 */;
/*!40103 SET @OLD_TIME_ZONE=@@TIME_ZONE */;
/*!40103 SET TIME_ZONE='+00:00' */;
/*!40014 SET @OLD_UNIQUE_CHECKS=@@UNIQUE_CHECKS, UNIQUE_CHECKS=0 */;
/*!40014 SET @OLD_FOREIGN_KEY_CHECKS=@@FOREIGN_KEY_CHECKS, FOREIGN_KEY_CHECKS=0 */;
/*!40101 SET @OLD_SQL_MODE=@@SQL_MODE, SQL_MODE='NO_AUTO_VALUE_ON_ZERO' */;
/*!40111 SET @OLD_SQL_NOTES=@@SQL_NOTES, SQL_NOTES=0 */;

--
-- Table structure for table `event`
--

DROP TABLE IF EXISTS `event`;
/*!40101 SET @saved_cs_client     = @@character_set_client */;
/*!50503 SET character_set_client = utf8mb4 */;
CREATE TABLE `event` (
  `id` int NOT NULL AUTO_INCREMENT,
  `site_id` int NOT NULL,
  `unit_id` int NOT NULL,
  `reporter_id` int NOT NULL,
  `year` int NOT NULL,
  `value` date NOT NULL,
  `comment` varchar(4000) DEFAULT NULL,
  PRIMARY KEY (`id`),
  UNIQUE KEY `event_udx` (`site_id`,`unit_id`,`year`),
  KEY `fk_event_site_idx` (`site_id`),
  KEY `fk_event_unit_idx` (`unit_id`),
  KEY `fk_event_reporter_idx` (`reporter_id`),
  CONSTRAINT `fk_event_reporter` FOREIGN KEY (`reporter_id`) REFERENCES `reporter` (`id`),
  CONSTRAINT `fk_event_site` FOREIGN KEY (`site_id`) REFERENCES `site` (`id`),
  CONSTRAINT `fk_event_unit` FOREIGN KEY (`unit_id`) REFERENCES `unit` (`id`)
) ENGINE=InnoDB AUTO_INCREMENT=114 DEFAULT CHARSET=utf8;
/*!40101 SET character_set_client = @saved_cs_client */;

--
-- Dumping data for table `event`
--

LOCK TABLES `event` WRITE;
/*!40000 ALTER TABLE `event` DISABLE KEYS */;
INSERT INTO `event` VALUES (1,2,2,2,1993,'1993-11-20',NULL),(2,2,2,2,1994,'1994-11-25',NULL),(3,2,2,2,1995,'1995-11-04',NULL),(4,2,2,2,1996,'1996-11-03',NULL),(5,2,2,2,1997,'1997-11-16',NULL),(6,2,2,2,1998,'1998-11-20','VERY WARM FALL-FIRST ICE IN NOV THEN THAWED AND STARTED AGAIN 12/6-MILD WINTER'),(7,2,2,2,1999,'1999-11-24',NULL),(8,2,2,2,2000,'2000-11-17',NULL),(9,2,2,2,2001,'2001-12-07',NULL),(10,2,2,2,2002,'2002-11-15',NULL),(11,2,2,2,2003,'2003-11-07',NULL),(12,2,2,2,2004,'2004-11-28',NULL),(13,2,3,2,1993,'1993-11-30',NULL),(14,2,3,2,1994,'1994-12-04',NULL),(15,2,3,2,1995,'1995-11-17',NULL),(16,2,3,2,1996,'1996-11-16',NULL),(17,2,3,2,1997,'1997-11-23',NULL),(18,2,3,2,1998,'1998-12-20',NULL),(19,2,3,2,1999,'1999-12-10',NULL),(20,2,3,2,2000,'2000-11-21',NULL),(21,2,3,2,2001,'2001-12-20',NULL),(22,2,3,2,2002,'2002-11-26',NULL),(23,2,3,2,2003,'2003-11-26',NULL),(24,2,3,2,2004,'2004-12-12',NULL),(25,2,4,2,1994,'1994-04-01',NULL),(26,2,4,2,1995,'1995-04-08',NULL),(27,2,4,2,1996,'1996-04-17',NULL),(28,2,4,2,1997,'1997-04-13',NULL),(29,2,4,2,1998,'1998-02-24','REFROZE IN FEB & THAWED AGAIN 3/28. VERY MILD WINTER W/LITTLE SNOW'),(30,2,4,2,1999,'1999-03-29',NULL),(31,2,4,2,2000,'2000-03-10',NULL),(32,2,4,2,2001,'2001-04-07',NULL),(33,2,4,2,2002,'2002-04-13',NULL),(34,2,4,2,2003,'2003-04-07',NULL),(35,2,4,2,2004,'2004-04-07',NULL),(36,2,5,2,1994,'1994-04-11','HARSH & COLD WINTER'),(37,2,5,2,1995,'1995-04-19','MILD WINTER'),(38,2,5,2,1996,'1996-04-24','REAL COLD & LONG WINTER'),(39,2,5,2,1997,'1997-04-19','REAL COLD W/HEAVY SNOW'),(40,2,5,2,1998,'1998-04-01',NULL),(41,2,5,2,1999,'1999-04-06',NULL),(42,2,5,2,2000,'2000-03-22','WARMEST NOV & WINTER ON RECORD'),(43,2,5,2,2001,'2001-04-19','COLD DEC-LOTS OF SNOW JAN THRU MAR'),(44,2,5,2,2002,'2002-04-17','WARMEST NOV DEC JAN ON RECORD COLD MAR'),(45,2,5,2,2003,'2003-04-14','COLD JAN/FEB--NO SNOW--WARM MAR/APR'),(46,2,5,2,2004,'2004-04-15','END OF MAR & APR MUCH WAMER THAN AVE'),(47,2,5,2,2005,'2005-04-10','VERY MILD WINTER W/LITTLE SNOW');
/*!40000 ALTER TABLE `event` ENABLE KEYS */;
UNLOCK TABLES;

--
-- Table structure for table `location`
--

DROP TABLE IF EXISTS `location`;
/*!40101 SET @saved_cs_client     = @@character_set_client */;
/*!50503 SET character_set_client = utf8mb4 */;
CREATE TABLE `location` (
  `id` int NOT NULL AUTO_INCREMENT,
  `site_id` int NOT NULL,
  `description` varchar(100) NOT NULL,
  PRIMARY KEY (`id`),
  KEY `fk_location_site_idx` (`site_id`),
  CONSTRAINT `fk_location_site` FOREIGN KEY (`site_id`) REFERENCES `site` (`id`)
) ENGINE=InnoDB AUTO_INCREMENT=8 DEFAULT CHARSET=utf8;
/*!40101 SET character_set_client = @saved_cs_client */;

--
-- Dumping data for table `location`
--

LOCK TABLES `location` WRITE;
/*!40000 ALTER TABLE `location` DISABLE KEYS */;
INSERT INTO `location` VALUES (1,1,'bottom of deep hole'),(2,1,'top of deep hole'),(3,2,'bottom of deep hole'),(4,2,'top of deep hole'),(5,1,'Deep Hole'),(6,2,'Deep Hole');
/*!40000 ALTER TABLE `location` ENABLE KEYS */;
UNLOCK TABLES;

--
-- Table structure for table `measurement`
--

DROP TABLE IF EXISTS `measurement`;
/*!40101 SET @saved_cs_client     = @@character_set_client */;
/*!50503 SET character_set_client = utf8mb4 */;
CREATE TABLE `measurement` (
  `id` int NOT NULL AUTO_INCREMENT,
  `unit_location_id` int NOT NULL,
  `reporter_id` int NOT NULL,
  `collection_date` date NOT NULL,
  `value` decimal(6,3) NOT NULL,
  `depth` decimal(5,2) NOT NULL DEFAULT '-1.00',
  `comment` varchar(4000) DEFAULT NULL,
  PRIMARY KEY (`id`),
  UNIQUE KEY `measurement_udx` (`unit_location_id`,`collection_date`,`depth`),
  KEY `fk_measurement_reporter_idx` (`reporter_id`),
  KEY `fk_measurement_unit_location1_idx` (`unit_location_id`),
  CONSTRAINT `fk_measurement_reporter` FOREIGN KEY (`reporter_id`) REFERENCES `reporter` (`id`),
  CONSTRAINT `fk_measurement_unit_location1` FOREIGN KEY (`unit_location_id`) REFERENCES `unit_location` (`id`)
) ENGINE=InnoDB AUTO_INCREMENT=2693 DEFAULT CHARSET=utf8;
/*!40101 SET character_set_client = @saved_cs_client */;

--
-- Dumping data for table `measurement`
--

LOCK TABLES `measurement` WRITE;
/*!40000 ALTER TABLE `measurement` DISABLE KEYS */;
INSERT INTO `measurement` VALUES (789,1,2,'2003-04-26',13.000,-1.00,NULL),(790,1,2,'2003-06-16',28.000,-1.00,NULL),(791,1,2,'2003-07-22',69.000,-1.00,NULL),(792,1,2,'2003-08-19',134.000,-1.00,NULL),(793,1,2,'2003-09-17',148.000,-1.00,NULL),(794,1,2,'2003-10-13',41.000,-1.00,NULL),(795,1,2,'2004-01-02',89.000,-1.00,NULL),(796,1,2,'2004-02-07',107.000,-1.00,NULL),(797,1,2,'2004-05-01',45.000,-1.00,NULL),(798,1,2,'2004-06-15',30.000,-1.00,NULL),(799,1,2,'2004-07-13',62.000,-1.00,NULL),(800,1,2,'2004-08-25',70.000,-1.00,NULL),(801,1,2,'2004-09-20',59.000,-1.00,NULL),(802,1,2,'2004-10-06',56.000,-1.00,NULL),(803,1,2,'2005-03-12',91.000,-1.00,NULL),(804,1,2,'2005-05-31',18.000,-1.00,NULL),(805,1,2,'2005-06-18',21.000,-1.00,NULL),(806,1,2,'2005-08-15',75.000,-1.00,NULL),(807,1,2,'2005-09-18',62.000,-1.00,NULL),(808,1,2,'2006-05-24',22.000,-1.00,NULL),(809,1,2,'2006-06-21',83.000,-1.00,NULL),(810,1,2,'2006-08-12',63.000,-1.00,NULL),(811,1,2,'2006-09-13',70.000,-1.00,NULL),(812,1,2,'2006-10-10',78.000,-1.00,NULL),(813,1,2,'2007-06-20',21.000,-1.00,NULL),(814,1,2,'2007-07-21',76.000,-1.00,NULL),(815,1,2,'2007-08-21',8.000,-1.00,NULL),(816,1,2,'2008-05-27',18.000,-1.00,NULL),(817,1,2,'2008-06-21',21.000,-1.00,NULL),(818,1,2,'2008-09-19',80.000,-1.00,NULL),(819,1,2,'2009-06-12',54.000,-1.00,NULL),(820,1,2,'2009-08-23',54.000,-1.00,NULL),(821,1,2,'2009-09-20',37.000,-1.00,NULL),(822,1,2,'2010-05-27',14.000,-1.00,NULL),(823,1,2,'2010-06-29',22.000,-1.00,NULL),(824,1,2,'2010-07-19',104.000,-1.00,NULL),(825,1,2,'2010-09-26',140.000,-1.00,NULL),(826,1,2,'2011-09-02',70.000,-1.00,NULL),(827,1,2,'2011-09-24',42.000,-1.00,NULL),(828,1,2,'2012-05-28',28.000,-1.00,NULL),(829,1,2,'2012-06-24',86.000,-1.00,NULL),(830,1,2,'2012-07-28',59.000,-1.00,NULL),(831,1,2,'2012-08-18',96.000,-1.00,NULL),(832,1,2,'2012-09-23',70.000,-1.00,NULL),(833,1,2,'2013-05-27',16.000,-1.00,NULL),(834,1,2,'2013-06-30',15.000,-1.00,NULL),(835,1,2,'2013-07-28',23.000,-1.00,NULL),(836,1,2,'2013-09-02',45.000,-1.00,NULL),(837,1,2,'2014-06-23',10.000,-1.00,NULL),(838,1,2,'2014-07-21',12.000,-1.00,NULL),(839,1,2,'2014-08-26',68.000,-1.00,NULL),(840,1,2,'2014-09-08',75.000,-1.00,NULL),(841,1,2,'2015-04-28',8.000,-1.00,NULL),(842,1,2,'2015-05-27',16.000,-1.00,NULL),(843,1,2,'2015-06-16',21.000,-1.00,NULL),(844,1,2,'2015-07-15',23.000,-1.00,NULL),(845,1,2,'2015-08-17',28.000,-1.00,NULL),(846,1,2,'2016-06-14',13.000,-1.00,NULL),(847,1,2,'2016-07-18',47.000,-1.00,NULL),(848,1,2,'2016-09-12',69.000,-1.00,NULL),(849,1,2,'2017-07-24',20.000,-1.00,NULL),(850,1,2,'2017-08-21',72.000,-1.00,NULL),(851,1,2,'2017-09-18',136.000,-1.00,'Not of the accuracy of the PL number; monitor has been getting dirt in his samples'),(852,1,2,'2018-05-15',15.000,-1.00,NULL),(853,1,2,'2018-07-24',68.000,-1.00,NULL),(854,1,2,'2018-08-29',52.000,-1.00,NULL),(855,1,2,'2019-05-08',21.000,-1.00,NULL),(856,1,2,'2019-06-26',28.000,-1.00,NULL),(857,1,2,'2019-07-31',36.000,-1.00,NULL),(858,1,2,'2019-08-25',51.000,-1.00,NULL),(860,3,2,'2003-04-26',57.000,-1.00,NULL),(861,3,2,'2003-09-17',337.000,-1.00,NULL),(862,3,2,'2003-10-13',270.000,-1.00,NULL),(863,3,2,'2004-01-02',34.000,-1.00,NULL),(864,3,2,'2004-02-07',282.000,-1.00,NULL),(865,3,2,'2004-05-01',57.000,-1.00,NULL),(866,3,2,'2004-09-20',433.000,-1.00,NULL),(867,3,2,'2005-03-12',36.000,-1.00,NULL),(868,3,2,'2005-06-18',235.000,-1.00,NULL),(869,3,2,'2005-07-18',350.000,-1.00,NULL),(870,3,2,'2006-08-12',320.000,-1.00,NULL),(871,3,2,'2006-09-13',440.000,-1.00,NULL),(872,3,2,'2007-06-20',360.000,-1.00,NULL),(873,3,2,'2007-07-21',452.000,-1.00,NULL),(874,3,2,'2008-05-27',63.000,-1.00,NULL),(875,3,2,'2008-06-21',136.000,-1.00,NULL),(876,3,2,'2008-09-19',362.000,-1.00,NULL),(877,3,2,'2009-06-12',307.000,-1.00,NULL),(878,3,2,'2009-07-10',347.000,-1.00,NULL),(879,3,2,'2009-08-23',403.000,-1.00,NULL),(880,3,2,'2009-09-20',455.000,-1.00,NULL),(881,3,2,'2010-05-27',163.000,-1.00,NULL),(882,3,2,'2010-06-29',235.000,-1.00,NULL),(883,3,2,'2010-07-19',242.000,-1.00,NULL),(884,3,2,'2010-09-26',316.000,-1.00,NULL),(885,3,2,'2011-05-03',41.000,-1.00,NULL),(886,3,2,'2011-06-27',173.000,-1.00,NULL),(887,3,2,'2011-09-02',201.000,-1.00,NULL),(888,3,2,'2011-09-24',295.000,-1.00,NULL),(889,3,2,'2012-04-07',100.000,-1.00,NULL),(890,3,2,'2012-05-28',160.000,-1.00,NULL),(891,3,2,'2012-06-24',182.000,-1.00,NULL),(892,3,2,'2012-07-28',229.000,-1.00,NULL),(893,3,2,'2012-08-18',243.000,-1.00,NULL),(894,3,2,'2012-09-23',252.000,-1.00,NULL),(895,3,2,'2013-05-27',59.000,-1.00,NULL),(896,3,2,'2013-06-30',196.000,-1.00,NULL),(897,3,2,'2013-07-28',339.000,-1.00,NULL),(898,3,2,'2013-09-02',325.000,-1.00,NULL),(899,3,2,'2014-06-23',73.000,-1.00,NULL),(900,3,2,'2014-07-21',256.000,-1.00,NULL),(901,3,2,'2014-08-26',202.000,-1.00,NULL),(902,3,2,'2014-09-08',227.000,-1.00,NULL),(903,3,2,'2015-04-28',39.000,-1.00,NULL),(904,3,2,'2015-05-27',96.000,-1.00,NULL),(905,3,2,'2015-06-16',89.000,-1.00,NULL),(906,3,2,'2015-07-15',155.000,-1.00,NULL),(907,3,2,'2015-08-17',180.000,-1.00,NULL),(908,3,2,'2016-06-14',131.000,-1.00,NULL),(909,3,2,'2016-07-18',260.000,-1.00,NULL),(910,3,2,'2016-08-16',163.000,-1.00,NULL),(911,3,2,'2016-09-12',229.000,-1.00,NULL),(912,3,2,'2017-06-28',176.000,-1.00,NULL),(913,3,2,'2017-07-12',148.000,-1.00,NULL),(914,3,2,'2017-08-15',182.000,-1.00,NULL),(915,3,2,'2017-09-18',172.000,-1.00,'Not of the accuracy of the PL number; monitor has been getting dirt in his samples'),(916,3,2,'2018-05-15',73.000,-1.00,NULL),(917,3,2,'2018-06-20',104.000,-1.00,NULL),(918,3,2,'2018-07-24',90.000,-1.00,NULL),(919,3,2,'2018-08-29',147.000,-1.00,NULL),(920,3,2,'2019-05-31',128.000,-1.00,NULL),(921,3,2,'2019-08-06',232.000,-1.00,NULL),(922,3,2,'2019-08-25',367.000,-1.00,NULL),(923,13,2,'1994-07-15',15.500,-1.00,NULL),(924,13,2,'1994-07-31',18.500,-1.00,NULL),(925,13,2,'1994-08-14',17.000,-1.00,NULL),(926,13,2,'1994-10-08',14.000,-1.00,NULL),(927,13,2,'1995-06-15',15.000,-1.00,NULL),(928,13,2,'1998-09-01',17.500,-1.00,NULL),(929,13,2,'1998-09-11',17.500,-1.00,NULL),(930,13,2,'1998-09-22',17.750,-1.00,NULL),(931,13,2,'1998-10-01',15.000,-1.00,NULL),(932,13,2,'1998-10-17',13.000,-1.00,NULL),(933,13,2,'1999-05-09',22.500,-1.00,NULL),(934,13,2,'1999-06-13',12.750,-1.00,NULL),(935,13,2,'1999-06-24',14.000,-1.00,NULL),(936,13,2,'1999-07-06',16.250,-1.00,NULL),(937,13,2,'1999-07-16',14.500,-1.00,NULL),(938,13,2,'1999-07-28',17.750,-1.00,NULL),(939,13,2,'1999-08-24',18.750,-1.00,NULL),(940,13,2,'1999-09-16',22.000,-1.00,NULL),(941,13,2,'1999-10-05',14.500,-1.00,NULL),(942,13,2,'1999-10-12',14.250,-1.00,NULL),(943,13,2,'2000-04-21',20.500,-1.00,NULL),(944,13,2,'2000-05-02',25.000,-1.00,NULL),(945,13,2,'2000-05-25',20.500,-1.00,NULL),(946,13,2,'2000-06-10',17.500,-1.00,NULL),(947,13,2,'2000-06-22',13.500,-1.00,NULL),(948,13,2,'2000-06-25',18.000,-1.00,NULL),(949,13,2,'2000-07-11',14.500,-1.00,NULL),(950,13,2,'2000-07-24',15.500,-1.00,NULL),(951,13,2,'2000-07-27',13.500,-1.00,NULL),(952,13,2,'2000-08-07',14.000,-1.00,NULL),(953,13,2,'2000-08-19',14.500,-1.00,NULL),(954,13,2,'2000-08-22',14.500,-1.00,NULL),(955,13,2,'2000-09-02',12.250,-1.00,NULL),(956,13,2,'2000-09-13',17.000,-1.00,NULL),(957,13,2,'2000-09-16',15.000,-1.00,NULL),(958,13,2,'2000-09-29',17.000,-1.00,NULL),(959,13,2,'2000-10-15',15.000,-1.00,NULL),(960,13,2,'2001-04-25',11.500,-1.00,NULL),(961,13,2,'2001-05-10',12.000,-1.00,NULL),(962,13,2,'2001-06-04',12.750,-1.00,NULL),(963,13,2,'2001-06-28',15.750,-1.00,NULL),(964,13,2,'2001-07-12',13.000,-1.00,NULL),(965,13,2,'2001-07-23',11.500,-1.00,NULL),(966,13,2,'2001-08-17',14.500,-1.00,NULL),(967,13,2,'2001-08-31',17.000,-1.00,NULL),(968,13,2,'2001-09-12',17.500,-1.00,NULL),(969,13,2,'2001-09-27',14.000,-1.00,NULL),(970,13,2,'2001-10-01',14.500,-1.00,NULL),(971,13,2,'2001-10-19',13.500,-1.00,NULL),(972,13,2,'2002-04-30',15.000,-1.00,NULL),(973,13,2,'2002-05-14',16.750,-1.00,NULL),(974,13,2,'2002-05-29',22.000,-1.00,NULL),(975,13,2,'2002-06-12',22.500,-1.00,NULL),(976,13,2,'2002-07-02',14.750,-1.00,NULL),(977,13,2,'2002-07-15',15.000,-1.00,NULL),(978,13,2,'2002-07-17',15.000,-1.00,NULL),(979,13,2,'2002-07-29',14.000,-1.00,NULL),(980,13,2,'2002-08-19',13.500,-1.00,NULL),(981,13,2,'2002-09-03',17.500,-1.00,NULL),(982,13,2,'2002-09-15',16.750,-1.00,NULL),(983,13,2,'2002-10-08',12.500,-1.00,NULL),(984,13,2,'2003-04-24',15.250,-1.00,NULL),(985,13,2,'2003-05-16',9.000,-1.00,NULL),(986,13,2,'2003-05-27',16.500,-1.00,NULL),(987,13,2,'2003-06-09',16.250,-1.00,NULL),(988,13,2,'2003-06-16',15.000,-1.00,NULL),(989,13,2,'2003-06-18',14.500,-1.00,NULL),(990,13,2,'2003-06-27',14.250,-1.00,NULL),(991,13,2,'2003-07-11',12.000,-1.00,NULL),(992,13,2,'2003-07-22',11.750,-1.00,NULL),(993,13,2,'2003-08-15',11.500,-1.00,NULL),(994,13,2,'2003-08-22',14.250,-1.00,NULL),(995,13,2,'2003-09-04',12.750,-1.00,NULL),(996,13,2,'2003-09-16',17.000,-1.00,NULL),(997,13,2,'2003-10-01',16.500,-1.00,NULL),(998,13,2,'2003-10-13',12.500,-1.00,NULL),(999,13,2,'2004-05-04',17.250,-1.00,NULL),(1000,13,2,'2004-05-18',21.000,-1.00,NULL),(1001,13,2,'2004-05-28',16.500,-1.00,NULL),(1002,13,2,'2004-06-15',16.750,-1.00,NULL),(1003,13,2,'2004-06-29',13.500,-1.00,NULL),(1004,13,2,'2004-07-12',11.500,-1.00,NULL),(1005,13,2,'2004-07-20',13.000,-1.00,NULL),(1006,13,2,'2004-08-13',12.000,-1.00,NULL),(1007,13,2,'2004-08-19',16.000,-1.00,NULL),(1008,13,2,'2004-08-25',13.000,-1.00,NULL),(1009,13,2,'2004-09-12',11.500,-1.00,NULL),(1010,13,2,'2004-10-06',13.500,-1.00,NULL),(1011,13,2,'2004-10-12',12.000,-1.00,NULL),(1012,13,2,'2005-05-31',16.500,-1.00,NULL),(1013,13,2,'2005-06-16',15.500,-1.00,NULL),(1014,13,2,'2005-06-21',17.000,-1.00,NULL),(1015,13,2,'2005-07-06',12.000,-1.00,NULL),(1016,13,2,'2005-07-18',13.250,-1.00,NULL),(1017,13,2,'2005-07-27',12.750,-1.00,NULL),(1018,13,2,'2005-08-10',15.000,-1.00,NULL),(1019,13,2,'2005-08-15',13.750,-1.00,NULL),(1020,13,2,'2005-08-29',14.000,-1.00,NULL),(1021,13,2,'2005-09-18',13.000,-1.00,NULL),(1022,13,2,'2005-10-11',12.000,-1.00,NULL),(1023,13,2,'2006-05-24',17.000,-1.00,NULL),(1024,13,2,'2006-06-06',20.500,-1.00,NULL),(1025,13,2,'2006-06-21',21.750,-1.00,NULL),(1026,13,2,'2006-07-10',17.000,-1.00,NULL),(1027,13,2,'2006-07-14',16.500,-1.00,NULL),(1028,13,2,'2006-07-26',20.000,-1.00,NULL),(1029,13,2,'2006-08-03',20.500,-1.00,NULL),(1030,13,2,'2006-08-15',21.500,-1.00,NULL),(1031,13,2,'2006-08-30',21.000,-1.00,NULL),(1032,13,2,'2006-09-06',24.000,-1.00,NULL),(1033,13,2,'2006-09-13',19.000,-1.00,NULL),(1034,13,2,'2006-09-26',16.500,-1.00,NULL),(1035,13,2,'2006-10-02',16.250,-1.00,NULL),(1036,13,2,'2006-10-10',13.250,-1.00,NULL),(1037,13,2,'2007-05-31',18.500,-1.00,NULL),(1038,13,2,'2007-06-05',17.750,-1.00,NULL),(1039,13,2,'2007-06-20',15.750,-1.00,NULL),(1040,13,2,'2007-06-27',16.500,-1.00,NULL),(1041,13,2,'2007-07-09',19.750,-1.00,NULL),(1042,13,2,'2007-07-23',14.250,-1.00,NULL),(1043,13,2,'2007-07-30',16.000,-1.00,NULL),(1044,13,2,'2007-08-06',17.000,-1.00,NULL),(1045,13,2,'2007-08-12',17.500,-1.00,NULL),(1046,13,2,'2007-08-21',21.000,-1.00,NULL),(1047,13,2,'2007-10-06',16.000,-1.00,NULL),(1048,13,2,'2008-05-06',16.000,-1.00,NULL),(1049,13,2,'2008-05-27',17.500,-1.00,NULL),(1050,13,2,'2008-06-08',18.000,-1.00,NULL),(1051,13,2,'2008-06-23',17.500,-1.00,NULL),(1052,13,2,'2008-07-14',15.500,-1.00,NULL),(1053,13,2,'2008-07-18',17.500,-1.00,NULL),(1054,13,2,'2008-07-20',15.750,-1.00,NULL),(1055,13,2,'2008-07-29',16.000,-1.00,NULL),(1056,13,2,'2008-08-04',15.500,-1.00,NULL),(1057,13,2,'2008-08-16',17.250,-1.00,NULL),(1058,13,2,'2008-08-25',17.500,-1.00,NULL),(1059,13,2,'2008-09-16',18.500,-1.00,NULL),(1060,13,2,'2008-09-24',17.500,-1.00,NULL),(1061,13,2,'2008-10-17',17.750,-1.00,NULL),(1062,13,2,'2009-05-11',20.000,-1.00,NULL),(1063,13,2,'2009-06-15',15.000,-1.00,NULL),(1064,13,2,'2009-06-25',18.250,-1.00,NULL),(1065,13,2,'2009-07-06',14.500,-1.00,NULL),(1066,13,2,'2009-08-23',13.250,-1.00,NULL),(1067,13,2,'2009-09-20',19.750,-1.00,NULL),(1068,13,2,'2010-05-20',25.100,-1.00,NULL),(1069,13,2,'2010-05-27',24.300,-1.00,NULL),(1070,13,2,'2010-06-24',22.250,-1.00,NULL),(1071,13,2,'2010-06-29',20.500,-1.00,NULL),(1072,13,2,'2010-07-19',15.000,-1.00,NULL),(1073,13,2,'2010-08-03',17.250,-1.00,NULL),(1074,13,2,'2010-08-12',17.500,-1.00,NULL),(1075,13,2,'2010-08-15',16.000,-1.00,NULL),(1076,13,2,'2010-09-28',13.750,-1.00,NULL),(1077,13,2,'2010-10-07',17.250,-1.00,NULL),(1078,13,2,'2011-06-12',19.000,-1.00,NULL),(1079,13,2,'2011-06-26',17.000,-1.00,NULL),(1080,13,2,'2011-06-28',14.000,-1.00,NULL),(1081,13,2,'2011-06-29',14.000,-1.00,NULL),(1082,13,2,'2011-07-24',15.000,-1.00,NULL),(1083,13,2,'2011-07-30',15.500,-1.00,NULL),(1084,13,2,'2011-08-14',14.500,-1.00,NULL),(1085,13,2,'2011-09-05',12.600,-1.00,NULL),(1086,13,2,'2011-09-25',9.000,-1.00,NULL),(1087,13,2,'2012-05-28',18.250,-1.00,NULL),(1088,13,2,'2012-06-24',15.500,-1.00,NULL),(1089,13,2,'2012-07-14',13.000,-1.00,NULL),(1090,13,2,'2012-07-28',21.000,-1.00,NULL),(1091,13,2,'2012-08-18',24.500,-1.00,NULL),(1092,13,2,'2012-09-23',17.500,-1.00,NULL),(1093,13,2,'2013-05-27',15.000,-1.00,NULL),(1094,13,2,'2013-06-30',14.000,-1.00,NULL),(1095,13,2,'2013-07-28',13.000,-1.00,NULL),(1096,13,2,'2013-09-02',14.750,-1.00,NULL),(1097,13,2,'2014-05-20',10.250,-1.00,NULL),(1098,13,2,'2014-05-29',14.550,-1.00,NULL),(1099,13,2,'2014-06-23',13.330,-1.00,NULL),(1100,13,2,'2014-07-17',12.600,-1.00,NULL),(1101,13,2,'2014-07-21',12.250,-1.00,NULL),(1102,13,2,'2014-08-20',12.500,-1.00,NULL),(1103,13,2,'2014-09-08',11.250,-1.00,NULL),(1104,13,2,'2015-04-28',17.500,-1.00,NULL),(1105,13,2,'2015-06-01',13.000,-1.00,NULL),(1106,13,2,'2015-06-16',15.500,-1.00,NULL),(1107,13,2,'2015-06-30',13.000,-1.00,NULL),(1108,13,2,'2015-07-13',17.000,-1.00,NULL),(1109,13,2,'2015-07-15',15.250,-1.00,NULL),(1110,13,2,'2015-07-29',15.000,-1.00,NULL),(1111,13,2,'2015-08-17',16.000,-1.00,NULL),(1112,13,2,'2015-08-21',14.250,-1.00,NULL),(1113,13,2,'2015-08-24',13.000,-1.00,NULL),(1114,13,2,'2015-09-04',17.000,-1.00,NULL),(1115,13,2,'2016-06-13',15.000,-1.00,NULL),(1116,13,2,'2016-07-19',13.500,-1.00,NULL),(1117,13,2,'2016-08-15',13.500,-1.00,NULL),(1118,13,2,'2016-09-13',12.600,-1.00,NULL),(1119,13,2,'2017-04-25',17.000,-1.00,NULL),(1120,13,2,'2017-05-11',16.000,-1.00,NULL),(1121,13,2,'2017-05-25',14.000,-1.00,NULL),(1122,13,2,'2017-06-09',16.000,-1.00,NULL),(1123,13,2,'2017-06-13',13.000,-1.00,NULL),(1124,13,2,'2017-07-10',13.500,-1.00,NULL),(1125,13,2,'2017-07-24',15.000,-1.00,NULL),(1126,13,2,'2017-08-06',14.500,-1.00,NULL),(1127,13,2,'2017-08-21',14.000,-1.00,NULL),(1128,13,2,'2017-09-04',14.000,-1.00,NULL),(1129,13,2,'2017-09-19',13.750,-1.00,NULL),(1130,13,2,'2018-05-16',14.000,-1.00,NULL),(1131,13,2,'2018-06-12',15.000,-1.00,NULL),(1132,13,2,'2018-06-26',14.500,-1.00,NULL),(1133,13,2,'2018-07-06',11.500,-1.00,NULL),(1134,13,2,'2018-07-24',15.000,-1.00,NULL),(1135,13,2,'2018-08-08',14.000,-1.00,NULL),(1136,13,2,'2018-09-05',13.000,-1.00,NULL),(1137,13,2,'2018-09-24',11.500,-1.00,NULL),(1138,13,2,'2019-05-08',12.000,-1.00,NULL),(1139,13,2,'2019-06-03',10.000,-1.00,NULL),(1140,13,2,'2019-06-25',10.500,-1.00,NULL),(1141,13,2,'2019-07-12',12.000,-1.00,NULL),(1142,13,2,'2019-07-31',10.500,-1.00,NULL),(1143,13,2,'2019-08-25',11.250,-1.00,NULL),(1144,2,2,'1999-07-16',5.000,-1.00,NULL),(1145,2,2,'1999-10-12',5.000,-1.00,NULL),(1146,2,2,'2007-06-20',5.000,-1.00,NULL),(1147,2,2,'1999-06-13',6.000,-1.00,NULL),(1148,2,2,'2000-05-25',6.000,-1.00,NULL),(1149,2,2,'2007-08-21',6.000,-1.00,NULL),(1150,2,2,'2014-09-08',6.000,-1.00,NULL),(1151,2,2,'1998-10-17',7.000,-1.00,NULL),(1152,2,2,'2004-09-20',7.000,-1.00,NULL),(1153,2,2,'2005-07-18',7.000,-1.00,NULL),(1154,2,2,'2010-08-15',7.000,-1.00,NULL),(1155,2,2,'2013-07-28',7.400,-1.00,NULL),(1156,2,2,'1994-07-15',8.000,-1.00,NULL),(1157,2,2,'1999-08-24',8.000,-1.00,NULL),(1158,2,2,'1999-09-16',8.000,-1.00,NULL),(1159,2,2,'2000-08-22',8.000,-1.00,NULL),(1160,2,2,'2002-08-19',8.000,-1.00,NULL),(1161,2,2,'2005-08-15',8.000,-1.00,NULL),(1162,2,2,'2006-10-10',8.000,-1.00,NULL),(1163,2,2,'2008-08-25',8.000,-1.00,NULL),(1164,2,2,'2009-09-20',8.000,-1.00,NULL),(1165,2,2,'2012-08-18',8.000,-1.00,NULL),(1166,2,2,'2015-06-16',8.300,-1.00,NULL),(1167,2,2,'2015-07-15',8.500,-1.00,NULL),(1168,2,2,'2013-06-30',8.600,-1.00,NULL),(1169,2,2,'1995-06-15',9.000,-1.00,NULL),(1170,2,2,'2004-02-07',9.000,-1.00,NULL),(1171,2,2,'2005-10-11',9.000,-1.00,NULL),(1172,2,2,'2006-06-21',9.000,-1.00,NULL),(1173,2,2,'2006-08-15',9.000,-1.00,NULL),(1174,2,2,'2008-07-20',9.000,-1.00,NULL),(1175,2,2,'2010-06-29',9.000,-1.00,NULL),(1176,2,2,'2014-08-20',9.100,-1.00,NULL),(1177,2,2,'2000-04-21',10.000,-1.00,NULL),(1178,2,2,'2000-10-15',10.000,-1.00,NULL),(1179,2,2,'2001-07-23',10.000,-1.00,NULL),(1180,2,2,'2001-10-01',10.000,-1.00,NULL),(1181,2,2,'2003-06-16',10.000,-1.00,NULL),(1182,2,2,'2003-08-22',10.000,-1.00,NULL),(1183,2,2,'2004-06-15',10.000,-1.00,NULL),(1184,2,2,'2004-08-25',10.000,-1.00,NULL),(1185,2,2,'2005-06-21',10.000,-1.00,NULL),(1186,2,2,'2007-07-23',10.000,-1.00,NULL),(1187,2,2,'2008-05-27',10.000,-1.00,NULL),(1188,2,2,'2009-06-15',10.000,-1.00,NULL),(1189,2,2,'2009-08-23',10.000,-1.00,NULL),(1190,2,2,'2010-05-27',10.000,-1.00,NULL),(1191,2,2,'2012-07-28',10.000,-1.00,NULL),(1192,2,2,'2014-06-23',10.000,-1.00,NULL),(1193,2,2,'2018-09-05',10.600,-1.00,NULL),(1194,2,2,'2017-08-21',10.800,-1.00,NULL),(1195,2,2,'1994-08-14',11.000,-1.00,NULL),(1196,2,2,'1994-10-08',11.000,-1.00,NULL),(1197,2,2,'2002-07-15',11.000,-1.00,NULL),(1198,2,2,'2004-01-02',11.000,-1.00,NULL),(1199,2,2,'2004-07-12',11.000,-1.00,NULL),(1200,2,2,'2008-06-23',11.000,-1.00,NULL),(1201,2,2,'2008-09-24',11.000,-1.00,NULL),(1202,2,2,'2018-07-24',11.100,-1.00,NULL),(1203,2,2,'2004-10-06',12.000,-1.00,NULL),(1204,2,2,'2005-05-31',12.000,-1.00,NULL),(1205,2,2,'2011-07-30',12.000,-1.00,NULL),(1206,2,2,'2012-05-28',12.000,-1.00,NULL),(1207,2,2,'2019-08-25',12.000,-1.00,NULL),(1208,2,2,'2013-09-02',12.100,-1.00,NULL),(1209,2,2,'2016-08-15',12.000,-1.00,NULL),(1210,2,2,'2014-05-20',12.900,-1.00,NULL),(1211,2,2,'2002-10-08',13.000,-1.00,NULL),(1212,2,2,'2003-04-24',13.000,-1.00,NULL),(1213,2,2,'2003-10-13',13.000,-1.00,NULL),(1214,2,2,'2004-05-04',13.000,-1.00,NULL),(1215,2,2,'2012-09-23',13.000,-1.00,NULL),(1216,2,2,'2014-07-21',13.200,-1.00,NULL),(1217,2,2,'2017-07-24',13.200,-1.00,NULL),(1218,2,2,'2016-06-13',13.300,-1.00,NULL),(1219,2,2,'2016-07-19',13.400,-1.00,NULL),(1220,2,2,'2015-04-28',13.600,-1.00,NULL),(1221,2,2,'2002-04-30',14.000,-1.00,NULL),(1222,2,2,'2003-07-22',14.000,-1.00,NULL),(1223,2,2,'2006-07-10',14.000,-1.00,NULL),(1224,2,2,'2009-05-11',14.000,-1.00,NULL),(1225,2,2,'2018-05-16',14.000,-1.00,NULL),(1226,2,2,'2018-06-12',14.000,-1.00,NULL),(1227,2,2,'2010-09-28',15.000,-1.00,NULL),(1228,2,2,'2015-08-21',15.400,-1.00,NULL),(1229,2,2,'2003-03-13',16.000,-1.00,NULL),(1230,2,2,'2011-09-05',16.000,-1.00,NULL),(1231,2,2,'2011-09-25',16.000,-1.00,NULL),(1232,2,2,'2012-06-24',16.000,-1.00,NULL),(1233,2,2,'2019-06-25',16.200,-1.00,NULL),(1234,2,2,'2003-02-17',17.000,-1.00,NULL),(1235,2,2,'2016-09-13',17.000,-1.00,NULL),(1236,2,2,'2019-07-31',17.200,-1.00,NULL),(1237,2,2,'2006-09-13',19.000,-1.00,NULL),(1238,2,2,'2017-04-25',20.300,-1.00,NULL),(1239,2,2,'2001-06-04',21.000,-1.00,NULL),(1240,2,2,'2001-04-25',22.000,-1.00,NULL),(1241,2,2,'2005-03-12',27.000,-1.00,NULL),(1242,2,2,'2000-07-24',32.000,-1.00,NULL),(1243,2,2,'2000-06-22',38.000,-1.00,NULL),(1244,2,2,'1998-09-01',5.000,-1.00,NULL),(1245,2,2,'2001-08-31',5.000,-1.00,NULL),(1246,2,2,'2005-09-18',8.000,-1.00,NULL),(1247,2,2,'2000-09-16',6.000,-1.00,NULL),(1248,1,2,'2011-06-28',5.000,-1.00,NULL),(1253,1,2,'2014-05-20',9.000,-1.00,NULL),(1256,1,2,'2016-06-13',13.000,-1.00,NULL),(1258,1,2,'2009-05-11',15.000,-1.00,NULL),(1264,1,2,'2003-04-24',19.000,-1.00,NULL),(1265,1,2,'2005-06-21',21.000,-1.00,NULL),(1267,1,2,'2008-06-23',21.000,-1.00,NULL),(1275,1,2,'2015-08-21',28.000,-1.00,NULL),(1277,1,2,'2008-07-20',35.000,-1.00,NULL),(1278,1,2,'2011-07-30',36.000,-1.00,NULL),(1281,1,2,'2011-09-25',42.000,-1.00,NULL),(1282,1,2,'2004-05-04',45.000,-1.00,NULL),(1284,1,2,'2016-07-19',47.000,-1.00,NULL),(1285,1,2,'2003-03-13',48.000,-1.00,NULL),(1286,1,2,'2006-07-10',52.000,-1.00,NULL),(1287,1,2,'2003-02-17',53.000,-1.00,NULL),(1288,1,2,'2009-06-15',54.000,-1.00,NULL),(1291,1,2,'2005-10-11',56.000,-1.00,NULL),(1294,1,2,'2004-07-12',62.000,-1.00,NULL),(1296,1,2,'2006-08-15',63.000,-1.00,NULL),(1297,1,2,'2007-10-06',66.000,-1.00,NULL),(1298,1,2,'2014-08-20',68.000,-1.00,NULL),(1300,1,2,'2016-09-13',69.000,-1.00,NULL),(1303,1,2,'2011-09-05',70.000,-1.00,NULL),(1307,1,2,'2007-07-23',76.000,-1.00,NULL),(1309,1,2,'2008-08-25',79.000,-1.00,NULL),(1310,1,2,'2008-09-24',80.000,-1.00,NULL),(1318,1,2,'2010-08-15',127.000,-1.00,NULL),(1319,1,2,'2003-08-22',134.000,-1.00,NULL),(1320,1,2,'2010-09-28',140.000,-1.00,NULL),(1321,1,2,'2003-09-16',148.000,-1.00,NULL),(1322,27,2,'2008-07-20',0.780,-1.00,NULL),(1323,27,2,'1998-09-01',1.340,-1.00,NULL),(1324,27,2,'2000-07-24',1.400,-1.00,NULL),(1325,27,2,'2008-08-25',1.550,-1.00,NULL),(1326,27,2,'2008-06-23',1.660,-1.00,NULL),(1327,27,2,'1999-09-16',1.700,-1.00,NULL),(1328,27,2,'2010-06-29',1.750,-1.00,NULL),(1329,27,2,'2009-06-15',1.810,-1.00,NULL),(1330,27,2,'2018-07-24',1.880,-1.00,NULL),(1331,27,2,'2006-06-21',1.910,-1.00,NULL),(1332,27,2,'1999-07-16',2.000,-1.00,NULL),(1333,27,2,'1999-08-24',2.000,-1.00,NULL),(1334,27,2,'2003-06-16',2.020,-1.00,NULL),(1335,27,2,'2012-08-18',2.090,-1.00,NULL),(1336,27,2,'1994-08-14',2.130,-1.00,NULL),(1337,27,2,'2012-07-28',2.130,-1.00,NULL),(1338,27,2,'1994-07-15',2.170,-1.00,NULL),(1339,27,2,'2002-07-15',2.180,-1.00,NULL),(1340,27,2,'2006-08-15',2.190,-1.00,NULL),(1341,27,2,'1999-06-13',2.400,-1.00,NULL),(1342,27,2,'2016-08-15',2.470,-1.00,NULL),(1343,27,2,'1999-10-12',2.500,-1.00,NULL),(1344,27,2,'2015-07-15',2.520,-1.00,NULL),(1345,27,2,'2000-10-15',2.600,-1.00,NULL),(1346,27,2,'2015-06-16',2.730,-1.00,NULL),(1347,27,2,'2016-06-13',2.780,-1.00,NULL),(1348,27,2,'2011-07-30',2.800,-1.00,NULL),(1349,27,2,'2006-07-10',2.860,-1.00,NULL),(1350,27,2,'2010-08-15',2.860,-1.00,NULL),(1351,27,2,'2012-06-24',2.910,-1.00,NULL),(1352,27,2,'2001-08-31',3.000,-1.00,NULL),(1353,27,2,'2004-06-15',3.050,-1.00,NULL),(1354,27,2,'2005-06-21',3.050,-1.00,NULL),(1355,27,2,'2007-06-20',3.070,-1.00,NULL),(1356,27,2,'2013-06-30',3.100,-1.00,NULL),(1357,27,2,'2017-07-24',3.100,-1.00,NULL),(1358,27,2,'2018-06-12',3.200,-1.00,NULL),(1359,27,2,'2005-07-18',3.230,-1.00,NULL),(1360,27,2,'1995-06-15',3.370,-1.00,NULL),(1361,27,2,'2001-07-23',3.400,-1.00,NULL),(1362,27,2,'2009-08-23',3.570,-1.00,NULL),(1363,27,2,'2013-09-02',3.580,-1.00,NULL),(1364,27,2,'2004-07-12',3.650,-1.00,NULL),(1365,27,2,'2014-08-20',3.690,-1.00,NULL),(1366,27,2,'2007-07-23',3.750,-1.00,NULL),(1367,27,2,'2013-07-28',3.830,-1.00,NULL),(1368,27,2,'2005-08-15',3.890,-1.00,NULL),(1369,27,2,'2018-09-05',3.950,-1.00,NULL),(1370,27,2,'2001-10-01',4.000,-1.00,NULL),(1371,27,2,'2017-08-21',4.050,-1.00,NULL),(1372,27,2,'2014-06-23',4.080,-1.00,NULL),(1373,27,2,'1998-10-17',4.650,-1.00,NULL),(1374,27,2,'1994-10-08',4.680,-1.00,NULL),(1375,27,2,'2015-08-21',4.760,-1.00,NULL),(1376,27,2,'2004-08-25',4.820,-1.00,NULL),(1377,27,2,'2000-05-25',5.000,-1.00,NULL),(1378,27,2,'2000-06-22',5.000,-1.00,NULL),(1379,27,2,'2001-06-04',5.000,-1.00,NULL),(1380,27,2,'2003-08-22',5.060,-1.00,NULL),(1381,27,2,'2019-08-25',5.300,-1.00,NULL),(1382,27,2,'2014-07-21',5.460,-1.00,NULL),(1383,27,2,'2006-10-10',5.470,-1.00,NULL),(1384,27,2,'2002-08-19',5.500,-1.00,NULL),(1385,27,2,'2007-08-21',5.590,-1.00,NULL),(1386,27,2,'2019-07-31',5.680,-1.00,NULL),(1387,27,2,'2003-07-22',6.600,-1.00,NULL),(1388,27,2,'2004-10-06',7.840,-1.00,NULL),(1389,27,2,'2003-10-13',8.260,-1.00,NULL),(1390,27,2,'2002-10-08',8.600,-1.00,NULL),(1391,27,2,'2011-09-05',9.390,-1.00,NULL),(1392,27,2,'2005-10-11',11.100,-1.00,NULL),(1393,27,2,'2019-06-25',11.300,-1.00,NULL),(1394,27,2,'2000-09-16',4.000,-1.00,NULL),(1395,29,2,'2000-05-02',31.000,-1.00,NULL),(1396,29,2,'2006-09-06',31.000,-1.00,NULL),(1397,29,2,'2010-05-20',31.000,-1.00,NULL),(1398,29,2,'2010-05-27',31.000,-1.00,NULL),(1399,29,2,'2012-08-18',31.000,-1.00,NULL),(1400,29,2,'1999-05-09',32.000,-1.00,NULL),(1401,29,2,'2002-06-12',32.000,-1.00,NULL),(1402,29,2,'2010-06-24',32.000,-1.00,NULL),(1403,29,2,'1999-09-16',33.000,-1.00,NULL),(1404,29,2,'2002-05-29',33.000,-1.00,NULL),(1405,29,2,'2004-05-18',33.000,-1.00,NULL),(1406,29,2,'2006-06-21',33.000,-1.00,NULL),(1407,29,2,'2006-08-15',33.000,-1.00,NULL),(1408,29,2,'2006-08-30',33.000,-1.00,NULL),(1409,29,2,'2007-08-21',33.000,-1.00,NULL),(1410,29,2,'2012-07-28',33.000,-1.00,NULL),(1411,29,2,'2000-04-21',34.000,-1.00,NULL),(1412,29,2,'2000-05-25',34.000,-1.00,NULL),(1413,29,2,'2006-06-06',34.000,-1.00,NULL),(1414,29,2,'2006-07-26',34.000,-1.00,NULL),(1415,29,2,'2006-08-03',34.000,-1.00,NULL),(1416,29,2,'2007-07-09',34.000,-1.00,NULL),(1417,29,2,'2009-05-11',34.000,-1.00,NULL),(1418,29,2,'2009-09-20',34.000,-1.00,NULL),(1419,29,2,'2010-06-29',34.000,-1.00,NULL),(1420,29,2,'1994-07-31',35.000,-1.00,NULL),(1421,29,2,'1999-08-24',35.000,-1.00,NULL),(1422,29,2,'2000-06-25',35.000,-1.00,NULL),(1423,29,2,'2006-09-13',35.000,-1.00,NULL),(1424,29,2,'2007-05-31',35.000,-1.00,NULL),(1425,29,2,'2008-06-08',35.000,-1.00,NULL),(1426,29,2,'2008-09-16',35.000,-1.00,NULL),(1427,29,2,'2009-06-25',35.000,-1.00,NULL),(1428,29,2,'2011-06-12',35.000,-1.00,NULL),(1429,29,2,'2012-05-28',35.000,-1.00,NULL),(1430,29,2,'1994-08-14',36.000,-1.00,NULL),(1431,29,2,'1998-09-01',36.000,-1.00,NULL),(1432,29,2,'1998-09-11',36.000,-1.00,NULL),(1433,29,2,'1998-09-22',36.000,-1.00,NULL),(1434,29,2,'1999-07-28',36.000,-1.00,NULL),(1435,29,2,'2000-06-10',36.000,-1.00,NULL),(1436,29,2,'2000-09-13',36.000,-1.00,NULL),(1437,29,2,'2000-09-29',36.000,-1.00,NULL),(1438,29,2,'2001-08-31',36.000,-1.00,NULL),(1439,29,2,'2001-09-12',36.000,-1.00,NULL),(1440,29,2,'2002-09-03',36.000,-1.00,NULL),(1441,29,2,'2003-09-16',36.000,-1.00,NULL),(1442,29,2,'2004-05-04',36.000,-1.00,NULL),(1443,29,2,'2005-06-21',36.000,-1.00,NULL),(1444,29,2,'2006-05-24',36.000,-1.00,NULL),(1445,29,2,'2006-07-10',36.000,-1.00,NULL),(1446,29,2,'2007-06-05',36.000,-1.00,NULL),(1447,29,2,'2007-08-06',36.000,-1.00,NULL),(1448,29,2,'2007-08-12',36.000,-1.00,NULL),(1449,29,2,'2008-05-27',36.000,-1.00,NULL),(1450,29,2,'2008-06-23',36.000,-1.00,NULL),(1451,29,2,'2008-07-18',36.000,-1.00,NULL),(1452,29,2,'2008-08-16',36.000,-1.00,NULL),(1453,29,2,'2008-08-25',36.000,-1.00,NULL),(1454,29,2,'2008-09-24',36.000,-1.00,NULL),(1455,29,2,'2008-10-17',36.000,-1.00,NULL),(1456,29,2,'2010-08-03',36.000,-1.00,NULL),(1457,29,2,'2010-08-12',36.000,-1.00,NULL),(1458,29,2,'2010-10-07',36.000,-1.00,NULL),(1459,29,2,'2011-06-26',36.000,-1.00,NULL),(1460,29,2,'2012-09-23',36.000,-1.00,NULL),(1461,29,2,'2015-04-28',36.000,-1.00,NULL),(1462,29,2,'2015-07-13',36.000,-1.00,NULL),(1463,29,2,'2015-09-04',36.000,-1.00,NULL),(1464,29,2,'2017-04-25',36.000,-1.00,NULL),(1465,29,2,'1999-07-06',37.000,-1.00,NULL),(1466,29,2,'2001-06-28',37.000,-1.00,NULL),(1467,29,2,'2002-05-14',37.000,-1.00,NULL),(1468,29,2,'2002-09-15',37.000,-1.00,NULL),(1469,29,2,'2003-05-27',37.000,-1.00,NULL),(1470,29,2,'2003-06-09',37.000,-1.00,NULL),(1471,29,2,'2003-10-01',37.000,-1.00,NULL),(1472,29,2,'2004-05-28',37.000,-1.00,NULL),(1473,29,2,'2004-06-15',37.000,-1.00,NULL),(1474,29,2,'2004-08-19',37.000,-1.00,NULL),(1475,29,2,'2005-05-31',37.000,-1.00,NULL),(1476,29,2,'2006-07-14',37.000,-1.00,NULL),(1477,29,2,'2006-09-26',37.000,-1.00,NULL),(1478,29,2,'2006-10-02',37.000,-1.00,NULL),(1479,29,2,'2007-06-20',37.000,-1.00,NULL),(1480,29,2,'2007-06-27',37.000,-1.00,NULL),(1481,29,2,'2007-07-30',37.000,-1.00,NULL),(1482,29,2,'2007-10-06',37.000,-1.00,NULL),(1483,29,2,'2008-05-06',37.000,-1.00,NULL),(1484,29,2,'2008-07-20',37.000,-1.00,NULL),(1485,29,2,'2008-07-29',37.000,-1.00,NULL),(1486,29,2,'2010-08-15',37.000,-1.00,NULL),(1487,29,2,'2015-08-17',37.000,-1.00,NULL),(1488,29,2,'2017-05-11',37.000,-1.00,NULL),(1489,29,2,'2017-06-09',37.000,-1.00,NULL),(1490,29,2,'1994-07-15',38.000,-1.00,NULL),(1491,29,2,'1995-06-15',38.000,-1.00,NULL),(1492,29,2,'1998-10-01',38.000,-1.00,NULL),(1493,29,2,'2000-07-24',38.000,-1.00,NULL),(1494,29,2,'2000-09-16',38.000,-1.00,NULL),(1495,29,2,'2000-10-15',38.000,-1.00,NULL),(1496,29,2,'2002-04-30',38.000,-1.00,NULL),(1497,29,2,'2002-07-02',38.000,-1.00,NULL),(1498,29,2,'2002-07-15',38.000,-1.00,NULL),(1499,29,2,'2002-07-17',38.000,-1.00,NULL),(1500,29,2,'2003-04-24',38.000,-1.00,NULL),(1501,29,2,'2003-06-16',38.000,-1.00,NULL),(1502,29,2,'2005-06-16',38.000,-1.00,NULL),(1503,29,2,'2005-08-10',38.000,-1.00,NULL),(1504,29,2,'2008-07-14',38.000,-1.00,NULL),(1505,29,2,'2008-08-04',38.000,-1.00,NULL),(1506,29,2,'2009-06-15',38.000,-1.00,NULL),(1507,29,2,'2010-07-19',38.000,-1.00,NULL),(1508,29,2,'2011-07-24',38.000,-1.00,NULL),(1509,29,2,'2011-07-30',38.000,-1.00,NULL),(1510,29,2,'2012-06-24',38.000,-1.00,NULL),(1511,29,2,'2013-05-27',38.000,-1.00,NULL),(1512,29,2,'2013-09-02',38.000,-1.00,NULL),(1513,29,2,'2015-06-16',38.000,-1.00,NULL),(1514,29,2,'2015-07-15',38.000,-1.00,NULL),(1515,29,2,'2015-07-29',38.000,-1.00,NULL),(1516,29,2,'2016-06-13',38.000,-1.00,NULL),(1517,29,2,'2017-07-24',38.000,-1.00,NULL),(1518,29,2,'2018-06-12',38.000,-1.00,NULL),(1519,29,2,'2018-07-24',38.000,-1.00,NULL),(1520,29,2,'1994-10-08',39.000,-1.00,NULL),(1521,29,2,'1999-06-24',39.000,-1.00,NULL),(1522,29,2,'1999-07-16',39.000,-1.00,NULL),(1523,29,2,'1999-10-05',39.000,-1.00,NULL),(1524,29,2,'1999-10-12',39.000,-1.00,NULL),(1525,29,2,'2000-07-11',39.000,-1.00,NULL),(1526,29,2,'2000-08-07',39.000,-1.00,NULL),(1527,29,2,'2000-08-19',39.000,-1.00,NULL),(1528,29,2,'2000-08-22',39.000,-1.00,NULL),(1529,29,2,'2001-08-17',39.000,-1.00,NULL),(1530,29,2,'2001-09-27',39.000,-1.00,NULL),(1531,29,2,'2001-10-01',39.000,-1.00,NULL),(1532,29,2,'2002-07-29',39.000,-1.00,NULL),(1533,29,2,'2003-06-18',39.000,-1.00,NULL),(1534,29,2,'2003-06-27',39.000,-1.00,NULL),(1535,29,2,'2003-08-22',39.000,-1.00,NULL),(1536,29,2,'2005-08-15',39.000,-1.00,NULL),(1537,29,2,'2005-08-29',39.000,-1.00,NULL),(1538,29,2,'2007-07-23',39.000,-1.00,NULL),(1539,29,2,'2009-07-06',39.000,-1.00,NULL),(1540,29,2,'2010-09-28',39.000,-1.00,NULL),(1541,29,2,'2011-06-28',39.000,-1.00,NULL),(1542,29,2,'2011-06-29',39.000,-1.00,NULL),(1543,29,2,'2011-08-14',39.000,-1.00,NULL),(1544,29,2,'2013-06-30',39.000,-1.00,NULL),(1545,29,2,'2014-05-29',39.000,-1.00,NULL),(1546,29,2,'2015-08-21',39.000,-1.00,NULL),(1547,29,2,'2017-05-25',39.000,-1.00,NULL),(1548,29,2,'2017-08-06',39.000,-1.00,NULL),(1549,29,2,'2017-08-21',39.000,-1.00,NULL),(1550,29,2,'2017-09-04',39.000,-1.00,NULL),(1551,29,2,'2017-09-19',39.000,-1.00,NULL),(1552,29,2,'2018-05-16',39.000,-1.00,NULL),(1553,29,2,'2018-06-26',39.000,-1.00,NULL),(1554,29,2,'2018-08-08',39.000,-1.00,NULL),(1555,29,2,'2019-05-08',39.000,-1.00,NULL),(1556,29,2,'2019-07-12',39.000,-1.00,NULL),(1557,29,2,'1998-10-17',40.000,-1.00,NULL),(1558,29,2,'1999-06-13',40.000,-1.00,NULL),(1559,29,2,'2000-06-22',40.000,-1.00,NULL),(1560,29,2,'2000-07-27',40.000,-1.00,NULL),(1561,29,2,'2001-06-04',40.000,-1.00,NULL),(1562,29,2,'2001-07-12',40.000,-1.00,NULL),(1563,29,2,'2001-10-19',40.000,-1.00,NULL),(1564,29,2,'2002-08-19',40.000,-1.00,NULL),(1565,29,2,'2003-09-04',40.000,-1.00,NULL),(1566,29,2,'2004-06-29',40.000,-1.00,NULL),(1567,29,2,'2004-07-20',40.000,-1.00,NULL),(1568,29,2,'2004-08-25',40.000,-1.00,NULL),(1569,29,2,'2004-10-06',40.000,-1.00,NULL),(1570,29,2,'2005-07-18',40.000,-1.00,NULL),(1571,29,2,'2005-07-27',40.000,-1.00,NULL),(1572,29,2,'2005-09-18',40.000,-1.00,NULL),(1573,29,2,'2006-10-10',40.000,-1.00,NULL),(1574,29,2,'2009-08-23',40.000,-1.00,NULL),(1575,29,2,'2012-07-14',40.000,-1.00,NULL),(1576,29,2,'2013-07-28',40.000,-1.00,NULL),(1577,29,2,'2014-06-23',40.000,-1.00,NULL),(1578,29,2,'2015-06-01',40.000,-1.00,NULL),(1579,29,2,'2015-06-30',40.000,-1.00,NULL),(1580,29,2,'2015-08-24',40.000,-1.00,NULL),(1581,29,2,'2016-07-19',40.000,-1.00,NULL),(1582,29,2,'2016-08-15',40.000,-1.00,NULL),(1583,29,2,'2017-06-13',40.000,-1.00,NULL),(1584,29,2,'2017-07-10',40.000,-1.00,NULL),(1585,29,2,'2018-09-05',40.000,-1.00,NULL),(1586,29,2,'2000-09-02',41.000,-1.00,NULL),(1587,29,2,'2001-05-10',41.000,-1.00,NULL),(1588,29,2,'2002-10-08',41.000,-1.00,NULL),(1589,29,2,'2003-07-11',41.000,-1.00,NULL),(1590,29,2,'2003-10-13',41.000,-1.00,NULL),(1591,29,2,'2004-08-13',41.000,-1.00,NULL),(1592,29,2,'2004-10-12',41.000,-1.00,NULL),(1593,29,2,'2005-07-06',41.000,-1.00,NULL),(1594,29,2,'2005-10-11',41.000,-1.00,NULL),(1595,29,2,'2011-09-05',41.000,-1.00,NULL),(1596,29,2,'2014-07-17',41.000,-1.00,NULL),(1597,29,2,'2014-07-21',41.000,-1.00,NULL),(1598,29,2,'2014-08-20',41.000,-1.00,NULL),(1599,29,2,'2016-09-13',41.000,-1.00,NULL),(1600,29,2,'2001-04-25',42.000,-1.00,NULL),(1601,29,2,'2001-07-23',42.000,-1.00,NULL),(1602,29,2,'2003-07-22',42.000,-1.00,NULL),(1603,29,2,'2003-08-15',42.000,-1.00,NULL),(1604,29,2,'2004-07-12',42.000,-1.00,NULL),(1605,29,2,'2004-09-12',42.000,-1.00,NULL),(1606,29,2,'2014-09-08',42.000,-1.00,NULL),(1607,29,2,'2018-07-06',42.000,-1.00,NULL),(1608,29,2,'2018-09-24',42.000,-1.00,NULL),(1609,29,2,'2019-08-25',42.000,-1.00,NULL),(1610,29,2,'2014-05-20',44.000,-1.00,NULL),(1611,29,2,'2019-06-03',44.000,-1.00,NULL),(1612,29,2,'2019-06-25',44.000,-1.00,NULL),(1613,29,2,'2019-07-31',44.000,-1.00,NULL),(1614,29,2,'2003-05-16',45.000,-1.00,NULL),(1615,29,2,'2011-09-25',45.000,-1.00,NULL),(1616,29,2,'2003-02-17',47.000,-1.00,NULL),(1617,31,2,'1999-07-16',41.000,-1.00,NULL),(1618,31,2,'1999-10-12',41.000,-1.00,NULL),(1619,31,2,'2007-06-20',41.000,-1.00,NULL),(1620,31,2,'1999-06-13',42.000,-1.00,NULL),(1621,31,2,'2000-05-25',42.000,-1.00,NULL),(1622,31,2,'2000-09-16',42.000,-1.00,NULL),(1623,31,2,'2005-09-18',42.000,-1.00,NULL),(1624,31,2,'2007-08-21',42.000,-1.00,NULL),(1625,31,2,'1998-10-17',43.000,-1.00,NULL),(1626,31,2,'2004-09-20',43.000,-1.00,NULL),(1627,31,2,'2005-07-18',43.000,-1.00,NULL),(1628,31,2,'2010-08-15',43.000,-1.00,NULL),(1629,31,2,'1999-08-24',44.000,-1.00,NULL),(1630,31,2,'1999-09-16',44.000,-1.00,NULL),(1631,31,2,'2000-08-22',44.000,-1.00,NULL),(1632,31,2,'2002-08-19',44.000,-1.00,NULL),(1633,31,2,'2005-08-15',44.000,-1.00,NULL),(1634,31,2,'2006-10-10',44.000,-1.00,NULL),(1635,31,2,'2008-08-25',44.000,-1.00,NULL),(1636,31,2,'2009-09-20',44.000,-1.00,NULL),(1637,31,2,'2012-08-18',44.000,-1.00,NULL),(1638,31,2,'2013-07-28',44.000,-1.00,NULL),(1639,31,2,'1994-07-15',44.000,-1.00,NULL),(1640,31,2,'1995-06-15',45.000,-1.00,NULL),(1641,31,2,'2004-02-07',45.000,-1.00,NULL),(1642,31,2,'2005-10-11',45.000,-1.00,NULL),(1643,31,2,'2006-06-21',45.000,-1.00,NULL),(1644,31,2,'2006-08-15',45.000,-1.00,NULL),(1645,31,2,'2008-07-20',45.000,-1.00,NULL),(1646,31,2,'2010-06-29',45.000,-1.00,NULL),(1647,31,2,'2013-06-30',45.000,-1.00,NULL),(1648,31,2,'2014-08-20',45.000,-1.00,NULL),(1649,31,2,'2014-09-08',45.000,-1.00,NULL),(1650,31,2,'2015-06-16',45.000,-1.00,NULL),(1651,31,2,'2015-07-15',45.000,-1.00,NULL),(1652,31,2,'2000-04-21',46.000,-1.00,NULL),(1653,31,2,'2000-10-15',46.000,-1.00,NULL),(1654,31,2,'2001-07-23',46.000,-1.00,NULL),(1655,31,2,'2001-10-01',46.000,-1.00,NULL),(1656,31,2,'2003-06-16',46.000,-1.00,NULL),(1657,31,2,'2003-08-22',46.000,-1.00,NULL),(1658,31,2,'2004-06-15',46.000,-1.00,NULL),(1659,31,2,'2004-08-25',46.000,-1.00,NULL),(1660,31,2,'2005-06-21',46.000,-1.00,NULL),(1661,31,2,'2007-07-23',46.000,-1.00,NULL),(1662,31,2,'2008-05-27',46.000,-1.00,NULL),(1663,31,2,'2009-06-15',46.000,-1.00,NULL),(1664,31,2,'2009-08-23',46.000,-1.00,NULL),(1665,31,2,'2010-05-27',46.000,-1.00,NULL),(1666,31,2,'2012-07-28',46.000,-1.00,NULL),(1667,31,2,'2014-06-23',46.000,-1.00,NULL),(1668,31,2,'1994-08-14',47.000,-1.00,NULL),(1669,31,2,'1994-10-08',47.000,-1.00,NULL),(1670,31,2,'2002-07-15',47.000,-1.00,NULL),(1671,31,2,'2004-01-02',47.000,-1.00,NULL),(1672,31,2,'2004-07-12',47.000,-1.00,NULL),(1673,31,2,'2004-10-06',47.000,-1.00,NULL),(1674,31,2,'2005-05-31',47.000,-1.00,NULL),(1675,31,2,'2008-06-23',47.000,-1.00,NULL),(1676,31,2,'2008-09-24',47.000,-1.00,NULL),(1677,31,2,'2011-07-30',47.000,-1.00,NULL),(1678,31,2,'2012-05-28',47.000,-1.00,NULL),(1679,31,2,'2012-09-23',47.000,-1.00,NULL),(1680,31,2,'2013-09-02',47.000,-1.00,NULL),(1681,31,2,'2017-08-21',47.000,-1.00,NULL),(1682,31,2,'2018-07-24',47.000,-1.00,NULL),(1683,31,2,'2018-09-05',47.000,-1.00,NULL),(1684,31,2,'2002-10-08',48.000,-1.00,NULL),(1685,31,2,'2003-10-13',48.000,-1.00,NULL),(1686,31,2,'2004-05-04',48.000,-1.00,NULL),(1687,31,2,'2014-05-20',48.000,-1.00,NULL),(1688,31,2,'2014-07-21',48.000,-1.00,NULL),(1689,31,2,'2015-04-28',48.000,-1.00,NULL),(1690,31,2,'2016-06-13',48.000,-1.00,NULL),(1691,31,2,'2016-07-19',48.000,-1.00,NULL),(1692,31,2,'2016-08-15',48.000,-1.00,NULL),(1693,31,2,'2017-07-24',48.000,-1.00,NULL),(1694,31,2,'2019-08-25',48.000,-1.00,NULL),(1695,31,2,'2002-04-30',49.000,-1.00,NULL),(1696,31,2,'2003-07-22',49.000,-1.00,NULL),(1697,31,2,'2006-07-10',49.000,-1.00,NULL),(1698,31,2,'2009-05-11',49.000,-1.00,NULL),(1699,31,2,'2010-09-28',49.000,-1.00,NULL),(1700,31,2,'2015-08-21',49.000,-1.00,NULL),(1701,31,2,'2018-05-16',49.000,-1.00,NULL),(1702,31,2,'2018-06-12',49.000,-1.00,NULL),(1703,31,2,'2011-09-05',50.000,-1.00,NULL),(1704,31,2,'2011-09-25',50.000,-1.00,NULL),(1705,31,2,'2012-06-24',50.000,-1.00,NULL),(1706,31,2,'2016-09-13',50.000,-1.00,NULL),(1707,31,2,'2019-06-25',50.000,-1.00,NULL),(1708,31,2,'2019-07-31',50.000,-1.00,NULL),(1709,31,2,'2003-04-24',51.000,-1.00,NULL),(1710,31,2,'2001-04-25',52.000,-1.00,NULL),(1711,31,2,'2001-06-04',52.000,-1.00,NULL),(1712,31,2,'2017-04-25',52.000,-1.00,NULL),(1713,31,2,'2005-03-12',53.000,-1.00,NULL),(1714,31,2,'2000-07-24',55.000,-1.00,NULL),(1715,31,2,'2000-06-22',56.000,-1.00,NULL),(1716,33,2,'2008-07-20',33.000,-1.00,NULL),(1717,33,2,'1998-09-01',37.000,-1.00,NULL),(1718,33,2,'2008-08-25',38.000,-1.00,NULL),(1719,33,2,'1999-09-16',39.000,-1.00,NULL),(1720,33,2,'2008-06-23',39.000,-1.00,NULL),(1721,33,2,'2009-06-15',39.000,-1.00,NULL),(1722,33,2,'2010-06-29',39.000,-1.00,NULL),(1723,33,2,'2018-07-24',39.000,-1.00,NULL),(1724,33,2,'1999-07-16',40.000,-1.00,NULL),(1725,33,2,'1999-08-24',40.000,-1.00,NULL),(1726,33,2,'2000-07-24',40.000,-1.00,NULL),(1727,33,2,'2000-10-15',40.000,-1.00,NULL),(1728,33,2,'2001-07-23',40.000,-1.00,NULL),(1729,33,2,'2001-08-31',40.000,-1.00,NULL),(1730,33,2,'2003-06-16',40.000,-1.00,NULL),(1731,33,2,'2006-06-21',40.000,-1.00,NULL),(1732,33,2,'2012-08-18',40.000,-1.00,NULL),(1733,33,2,'1994-08-14',40.000,-1.00,NULL),(1734,33,2,'1994-07-15',41.000,-1.00,NULL),(1735,33,2,'1999-06-13',41.000,-1.00,NULL),(1736,33,2,'2002-07-15',41.000,-1.00,NULL),(1737,33,2,'2006-08-15',41.000,-1.00,NULL),(1738,33,2,'2012-07-28',41.000,-1.00,NULL),(1739,33,2,'1999-10-12',42.000,-1.00,NULL),(1740,33,2,'2015-06-16',42.000,-1.00,NULL),(1741,33,2,'2015-07-15',42.000,-1.00,NULL),(1742,33,2,'2016-08-15',42.000,-1.00,NULL),(1743,33,2,'2004-06-15',43.000,-1.00,NULL),(1744,33,2,'2005-06-21',43.000,-1.00,NULL),(1745,33,2,'2006-07-10',43.000,-1.00,NULL),(1746,33,2,'2007-06-20',43.000,-1.00,NULL),(1747,33,2,'2010-08-15',43.000,-1.00,NULL),(1748,33,2,'2011-07-30',43.000,-1.00,NULL),(1749,33,2,'2012-06-24',43.000,-1.00,NULL),(1750,33,2,'2013-06-30',43.000,-1.00,NULL),(1751,33,2,'2016-06-13',43.000,-1.00,NULL),(1752,33,2,'2017-07-24',43.000,-1.00,NULL),(1753,33,2,'2018-06-12',43.000,-1.00,NULL),(1754,33,2,'1995-06-15',44.000,-1.00,NULL),(1755,33,2,'2005-07-18',44.000,-1.00,NULL),(1756,33,2,'2009-08-23',44.000,-1.00,NULL),(1757,33,2,'2013-09-02',44.000,-1.00,NULL),(1758,33,2,'2004-07-12',45.000,-1.00,NULL),(1759,33,2,'2005-08-15',45.000,-1.00,NULL),(1760,33,2,'2007-07-23',45.000,-1.00,NULL),(1761,33,2,'2013-07-28',45.000,-1.00,NULL),(1762,33,2,'2014-06-23',45.000,-1.00,NULL),(1763,33,2,'2014-08-20',45.000,-1.00,NULL),(1764,33,2,'2017-08-21',45.000,-1.00,NULL),(1765,33,2,'2018-09-05',45.000,-1.00,NULL),(1766,33,2,'1998-10-17',46.000,-1.00,NULL),(1767,33,2,'1994-10-08',46.000,-1.00,NULL),(1768,33,2,'2003-08-22',47.000,-1.00,NULL),(1769,33,2,'2004-08-25',47.000,-1.00,NULL),(1770,33,2,'2011-06-28',47.000,-1.00,NULL),(1771,33,2,'2015-08-21',47.000,-1.00,NULL),(1772,33,2,'2002-08-19',48.000,-1.00,NULL),(1773,33,2,'2006-10-10',48.000,-1.00,NULL),(1774,33,2,'2007-08-21',48.000,-1.00,NULL),(1775,33,2,'2014-07-21',48.000,-1.00,NULL),(1776,33,2,'2019-07-31',48.000,-1.00,NULL),(1777,33,2,'2019-08-25',48.000,-1.00,NULL),(1778,33,2,'2003-07-22',49.000,-1.00,NULL),(1779,33,2,'2000-05-25',50.000,-1.00,NULL),(1780,33,2,'2000-06-22',50.000,-1.00,NULL),(1781,33,2,'2000-09-16',50.000,-1.00,NULL),(1782,33,2,'2001-06-04',50.000,-1.00,NULL),(1783,33,2,'2001-10-01',50.000,-1.00,NULL),(1784,33,2,'2004-10-06',50.000,-1.00,NULL),(1785,33,2,'2002-10-08',51.000,-1.00,NULL),(1786,33,2,'2003-10-13',51.000,-1.00,NULL),(1787,33,2,'2011-09-05',52.000,-1.00,NULL),(1788,33,2,'2005-10-11',53.000,-1.00,NULL),(1789,33,2,'2019-06-25',53.000,-1.00,NULL),(1790,35,2,'2003-06-16',10.000,-1.00,NULL),(1791,35,2,'2003-07-22',10.000,-1.00,NULL),(1792,35,2,'2003-08-22',10.000,-1.00,NULL),(1793,35,2,'2003-09-16',10.000,-1.00,NULL),(1794,35,2,'2003-10-13',10.000,-1.00,NULL),(1795,35,2,'2003-04-24',15.000,-1.00,NULL),(1796,14,2,'2014-08-07',2.000,-1.00,NULL),(1797,14,2,'2014-08-26',2.000,-1.00,NULL),(1798,14,2,'2012-07-30',2.500,-1.00,NULL),(1799,14,2,'2014-07-22',2.750,-1.00,NULL),(1800,14,2,'2001-07-23',3.000,-1.00,NULL),(1801,14,2,'2003-08-01',3.000,-1.00,NULL),(1802,14,2,'2004-07-24',3.000,-1.00,NULL),(1803,14,2,'2002-07-13',3.250,-1.00,NULL),(1804,14,2,'2003-07-18',3.250,-1.00,NULL),(1805,14,2,'2004-07-12',3.250,-1.00,NULL),(1806,14,2,'2008-07-26',3.260,-1.00,NULL),(1807,14,2,'2000-08-19',3.500,-1.00,NULL),(1808,14,2,'2000-08-22',3.500,-1.00,NULL),(1809,14,2,'2008-07-13',3.500,-1.00,NULL),(1810,14,2,'2010-06-29',3.500,-1.00,NULL),(1811,14,2,'2014-06-24',3.500,-1.00,NULL),(1812,14,2,'2017-05-31',3.500,-1.00,NULL),(1813,14,2,'2018-07-24',3.500,-1.00,NULL),(1814,14,2,'2005-06-04',3.750,-1.00,NULL),(1815,14,2,'2009-09-06',3.750,-1.00,NULL),(1816,14,2,'2010-07-19',3.750,-1.00,NULL),(1817,14,2,'2010-08-02',3.750,-1.00,NULL),(1818,14,2,'2016-08-16',3.750,-1.00,NULL),(1819,14,2,'2000-09-02',4.000,-1.00,NULL),(1820,14,2,'2001-04-25',4.000,-1.00,NULL),(1821,14,2,'2001-08-17',4.000,-1.00,NULL),(1822,14,2,'2003-07-04',4.000,-1.00,NULL),(1823,14,2,'2003-08-15',4.000,-1.00,NULL),(1824,14,2,'2008-07-01',4.000,-1.00,NULL),(1825,14,2,'2008-08-09',4.000,-1.00,NULL),(1826,14,2,'2009-08-22',4.000,-1.00,NULL),(1827,14,2,'2010-08-17',4.000,-1.00,NULL),(1828,14,2,'2012-08-14',4.000,-1.00,NULL),(1829,14,2,'2014-09-22',4.000,-1.00,NULL),(1830,14,2,'2017-08-15',4.000,-1.00,NULL),(1831,14,2,'2018-08-29',4.000,-1.00,NULL),(1832,14,2,'2004-08-06',4.250,-1.00,NULL),(1833,14,2,'2012-08-28',4.250,-1.00,NULL),(1834,14,2,'2000-08-07',4.500,-1.00,NULL),(1835,14,2,'2001-07-12',4.500,-1.00,NULL),(1836,14,2,'2009-09-20',4.500,-1.00,NULL),(1837,14,2,'2017-09-19',4.500,-1.00,NULL),(1838,14,2,'2010-06-17',4.600,-1.00,NULL),(1839,14,2,'2003-08-30',4.750,-1.00,NULL),(1840,14,2,'2004-06-27',4.750,-1.00,NULL),(1841,14,2,'2005-07-30',4.750,-1.00,NULL),(1842,14,2,'2009-08-09',4.750,-1.00,NULL),(1843,14,2,'2011-07-25',4.750,-1.00,NULL),(1844,14,2,'2011-09-02',4.750,-1.00,NULL),(1845,14,2,'2008-08-21',5.000,-1.00,NULL),(1846,14,2,'2015-07-07',5.000,-1.00,NULL),(1847,14,2,'2015-07-20',5.000,-1.00,NULL),(1848,14,2,'2017-05-08',5.000,-1.00,NULL),(1849,14,2,'2018-06-20',5.000,-1.00,NULL),(1850,14,2,'2018-09-26',5.000,-1.00,NULL),(1851,14,2,'2001-05-10',5.250,-1.00,NULL),(1852,14,2,'2005-06-18',5.250,-1.00,NULL),(1853,14,2,'2008-06-21',5.250,-1.00,NULL),(1854,14,2,'2010-09-26',5.250,-1.00,NULL),(1855,14,2,'2014-05-20',5.250,-1.00,NULL),(1856,14,2,'2014-06-05',5.250,-1.00,NULL),(1857,14,2,'2016-09-12',5.250,-1.00,NULL),(1858,14,2,'2005-07-18',5.500,-1.00,NULL),(1859,14,2,'2007-04-15',5.500,-1.00,NULL),(1860,14,2,'2012-05-28',5.500,-1.00,NULL),(1861,14,2,'2018-06-13',5.500,-1.00,NULL),(1862,14,2,'2019-08-18',5.500,-1.00,NULL),(1863,14,2,'2003-06-19',5.750,-1.00,NULL),(1864,14,2,'2005-06-24',5.750,-1.00,NULL),(1865,14,2,'2005-08-14',5.750,-1.00,NULL),(1866,14,2,'2008-04-30',5.750,-1.00,NULL),(1867,14,2,'2000-09-13',6.000,-1.00,NULL),(1868,14,2,'2000-09-16',6.000,-1.00,NULL),(1869,14,2,'2004-05-01',6.000,-1.00,NULL),(1870,14,2,'2005-10-07',6.000,-1.00,NULL),(1871,14,2,'2006-09-20',6.000,-1.00,NULL),(1872,14,2,'2008-05-27',6.000,-1.00,NULL),(1873,14,2,'2008-08-29',6.000,-1.00,NULL),(1874,14,2,'2009-05-28',6.000,-1.00,NULL),(1875,14,2,'2011-06-28',6.000,-1.00,NULL),(1876,14,2,'2011-10-03',6.000,-1.00,NULL),(1877,14,2,'2017-04-19',6.000,-1.00,NULL),(1878,14,2,'2019-08-03',6.000,-1.00,NULL),(1879,14,2,'2001-06-04',6.250,-1.00,NULL),(1880,14,2,'2001-06-28',6.250,-1.00,NULL),(1881,14,2,'2006-04-13',6.250,-1.00,NULL),(1882,14,2,'2012-07-11',6.250,-1.00,NULL),(1883,14,2,'1999-05-09',6.500,-1.00,NULL),(1884,14,2,'2000-07-27',6.500,-1.00,NULL),(1885,14,2,'2001-08-31',6.500,-1.00,NULL),(1886,14,2,'2003-06-20',6.500,-1.00,NULL),(1887,14,2,'2004-08-22',6.500,-1.00,NULL),(1888,14,2,'2005-10-14',6.500,-1.00,NULL),(1889,14,2,'2006-09-02',6.500,-1.00,NULL),(1890,14,2,'2006-09-12',6.500,-1.00,NULL),(1891,14,2,'2006-11-11',6.500,-1.00,NULL),(1892,14,2,'2007-08-31',6.500,-1.00,NULL),(1893,14,2,'2007-09-12',6.500,-1.00,NULL),(1894,14,2,'2008-05-16',6.500,-1.00,NULL),(1895,14,2,'2008-06-07',6.500,-1.00,NULL),(1896,14,2,'2009-07-10',6.500,-1.00,NULL),(1897,14,2,'2010-09-02',6.500,-1.00,NULL),(1898,14,2,'2011-08-19',6.500,-1.00,NULL),(1899,14,2,'2019-05-31',6.500,-1.00,NULL),(1900,14,2,'1998-09-01',6.750,-1.00,NULL),(1901,14,2,'2003-04-26',6.750,-1.00,NULL),(1902,14,2,'2003-05-23',6.750,-1.00,NULL),(1903,14,2,'2003-06-07',6.750,-1.00,NULL),(1904,14,2,'2005-05-06',6.750,-1.00,NULL),(1905,14,2,'2005-05-20',6.750,-1.00,NULL),(1906,14,2,'2006-10-14',6.750,-1.00,NULL),(1907,14,2,'2009-06-12',6.750,-1.00,NULL),(1908,14,2,'2010-06-01',6.750,-1.00,NULL),(1909,14,2,'2019-08-06',6.750,-1.00,NULL),(1910,14,2,'1998-09-11',7.000,-1.00,NULL),(1911,14,2,'1998-10-17',7.000,-1.00,NULL),(1912,14,2,'2001-09-12',7.000,-1.00,NULL),(1913,14,2,'2002-05-14',7.000,-1.00,NULL),(1914,14,2,'2002-06-28',7.000,-1.00,NULL),(1915,14,2,'2011-05-17',7.000,-1.00,NULL),(1916,14,2,'2012-04-07',7.000,-1.00,NULL),(1917,14,2,'2012-06-26',7.000,-1.00,NULL),(1918,14,2,'2013-09-04',7.000,-1.00,NULL),(1919,14,2,'2015-06-01',7.000,-1.00,NULL),(1920,14,2,'2015-06-30',7.000,-1.00,NULL),(1921,14,2,'2016-07-18',7.000,-1.00,NULL),(1922,14,2,'2017-06-21',7.000,-1.00,NULL),(1923,14,2,'2004-05-24',7.250,-1.00,NULL),(1924,14,2,'2006-05-26',7.250,-1.00,NULL),(1925,14,2,'2009-07-24',7.250,-1.00,NULL),(1926,14,2,'2013-08-19',7.250,-1.00,NULL),(1927,14,2,'1999-06-13',7.500,-1.00,NULL),(1928,14,2,'2000-06-22',7.500,-1.00,NULL),(1929,14,2,'2000-07-11',7.500,-1.00,NULL),(1930,14,2,'2002-05-17',7.500,-1.00,NULL),(1931,14,2,'2002-07-27',7.500,-1.00,NULL),(1932,14,2,'2003-11-14',7.500,-1.00,NULL),(1933,14,2,'2005-04-15',7.500,-1.00,NULL),(1934,14,2,'2006-10-06',7.500,-1.00,NULL),(1935,14,2,'2009-05-02',7.500,-1.00,NULL),(1936,14,2,'2011-05-03',7.500,-1.00,NULL),(1937,14,2,'2015-05-27',7.500,-1.00,NULL),(1938,14,2,'1998-09-22',7.750,-1.00,NULL),(1939,14,2,'1999-10-12',7.750,-1.00,NULL),(1940,14,2,'2000-05-25',7.750,-1.00,NULL),(1941,14,2,'2003-05-07',7.750,-1.00,NULL),(1942,14,2,'2004-10-12',7.750,-1.00,NULL),(1943,14,2,'2007-08-17',7.750,-1.00,NULL),(1944,14,2,'1998-10-01',8.000,-1.00,NULL),(1945,14,2,'1999-07-16',8.000,-1.00,NULL),(1946,14,2,'1999-08-24',8.000,-1.00,NULL),(1947,14,2,'1999-10-05',8.000,-1.00,NULL),(1948,14,2,'2000-09-29',8.000,-1.00,NULL),(1949,14,2,'2001-10-19',8.000,-1.00,NULL),(1950,14,2,'2002-08-09',8.000,-1.00,NULL),(1951,14,2,'2004-05-10',8.000,-1.00,NULL),(1952,14,2,'2004-06-12',8.000,-1.00,NULL),(1953,14,2,'2005-08-27',8.000,-1.00,NULL),(1954,14,2,'2006-04-29',8.000,-1.00,NULL),(1955,14,2,'2007-09-28',8.000,-1.00,NULL),(1956,14,2,'2008-09-09',8.000,-1.00,NULL),(1957,14,2,'2010-04-14',8.000,-1.00,NULL),(1958,14,2,'2011-06-02',8.000,-1.00,NULL),(1959,14,2,'2012-09-13',8.000,-1.00,NULL),(1960,14,2,'2013-07-21',8.000,-1.00,NULL),(1961,14,2,'2013-07-29',8.000,-1.00,NULL),(1962,14,2,'2015-06-21',8.000,-1.00,NULL),(1963,14,2,'2017-07-18',8.000,-1.00,NULL),(1964,14,2,'1999-07-06',8.250,-1.00,NULL),(1965,14,2,'2000-06-10',8.250,-1.00,NULL),(1966,14,2,'2002-06-09',8.250,-1.00,NULL),(1967,14,2,'2002-09-22',8.250,-1.00,NULL),(1968,14,2,'2003-09-16',8.250,-1.00,NULL),(1969,14,2,'2006-06-08',8.250,-1.00,NULL),(1970,14,2,'2000-04-21',8.500,-1.00,NULL),(1971,14,2,'2000-10-12',8.500,-1.00,NULL),(1972,14,2,'2000-10-15',8.500,-1.00,NULL),(1973,14,2,'2002-05-05',8.500,-1.00,NULL),(1974,14,2,'2003-10-01',8.500,-1.00,NULL),(1975,14,2,'2004-09-03',8.500,-1.00,NULL),(1976,14,2,'2005-07-10',8.500,-1.00,NULL),(1977,14,2,'2018-05-15',8.500,-1.00,NULL),(1978,14,2,'2019-08-29',8.700,-1.00,NULL),(1979,14,2,'1999-07-28',8.750,-1.00,NULL),(1980,14,2,'2002-10-11',8.750,-1.00,NULL),(1981,14,2,'2012-04-24',8.750,-1.00,NULL),(1982,14,2,'1999-09-16',9.000,-1.00,NULL),(1983,14,2,'2005-09-14',9.000,-1.00,NULL),(1984,14,2,'2006-08-20',9.000,-1.00,NULL),(1985,14,2,'2007-08-02',9.000,-1.00,NULL),(1986,14,2,'2013-05-28',9.000,-1.00,NULL),(1987,14,2,'2016-06-14',9.000,-1.00,NULL),(1988,14,2,'2002-05-30',9.250,-1.00,NULL),(1989,14,2,'2002-09-08',9.250,-1.00,NULL),(1990,14,2,'2005-09-04',9.250,-1.00,NULL),(1991,14,2,'1999-06-24',9.500,-1.00,NULL),(1992,14,2,'2010-05-09',9.600,-1.00,NULL),(1993,14,2,'2000-06-25',9.750,-1.00,NULL),(1994,14,2,'2001-09-27',9.750,-1.00,NULL),(1995,14,2,'2004-09-20',9.750,-1.00,NULL),(1996,14,2,'2008-10-03',9.750,-1.00,NULL),(1997,14,2,'2002-06-16',10.000,-1.00,NULL),(1998,14,2,'2003-10-18',10.000,-1.00,NULL),(1999,14,2,'2006-05-14',10.000,-1.00,NULL),(2000,14,2,'2007-05-27',10.000,-1.00,NULL),(2001,14,2,'2013-07-01',10.000,-1.00,NULL),(2002,14,2,'2015-04-28',10.000,-1.00,NULL),(2003,14,2,'2006-06-14',10.250,-1.00,NULL),(2004,14,2,'2008-09-19',10.250,-1.00,NULL),(2005,14,2,'2004-09-30',10.500,-1.00,NULL),(2006,14,2,'2004-11-11',10.500,-1.00,NULL),(2007,14,2,'2005-09-20',10.500,-1.00,NULL),(2008,14,2,'2001-10-01',10.750,-1.00,NULL),(2009,14,2,'2009-05-14',10.750,-1.00,NULL),(2010,14,2,'2010-05-20',10.750,-1.00,NULL),(2011,14,2,'2002-08-30',11.000,-1.00,NULL),(2012,14,2,'2006-07-12',11.000,-1.00,NULL),(2013,14,2,'2006-07-22',11.000,-1.00,NULL),(2014,14,2,'2006-08-12',11.000,-1.00,NULL),(2015,14,2,'2007-06-09',11.000,-1.00,NULL),(2016,14,2,'2007-07-21',11.000,-1.00,NULL),(2017,14,2,'2002-08-26',11.250,-1.00,NULL),(2018,14,2,'2006-06-30',11.750,-1.00,NULL),(2019,14,2,'2007-07-06',11.750,-1.00,NULL),(2020,14,2,'2006-08-04',12.000,-1.00,NULL),(2021,14,2,'2013-06-13',12.000,-1.00,NULL),(2022,14,2,'2009-06-26',12.250,-1.00,NULL),(2023,14,2,'2000-05-02',13.000,-1.00,NULL),(2024,14,2,'2007-05-04',13.250,-1.00,NULL),(2025,14,2,'2007-06-23',13.500,-1.00,NULL),(2026,14,2,'2007-05-14',14.250,-1.00,NULL),(2027,4,2,'2005-09-14',8.000,-1.00,NULL),(2028,4,2,'2006-07-12',15.000,-1.00,NULL),(2029,4,2,'2007-09-12',15.000,-1.00,NULL),(2030,4,2,'2013-06-30',15.900,-1.00,NULL),(2031,4,2,'2004-11-11',16.000,-1.00,NULL),(2032,4,2,'2006-06-14',16.000,-1.00,NULL),(2033,4,2,'2007-06-18',16.000,-1.00,NULL),(2034,4,2,'2008-09-19',16.000,-1.00,NULL),(2035,4,2,'2013-07-29',16.600,-1.00,NULL),(2036,4,2,'2006-08-12',18.000,-1.00,NULL),(2037,4,2,'2007-08-17',18.000,-1.00,NULL),(2038,4,2,'2019-08-29',18.000,-1.00,NULL),(2039,4,2,'2007-07-21',19.000,-1.00,NULL),(2040,4,2,'2004-02-20',20.000,-1.00,NULL),(2041,4,2,'2004-09-20',20.000,-1.00,NULL),(2042,4,2,'2018-08-29',20.100,-1.00,NULL),(2043,4,2,'2002-08-09',21.000,-1.00,NULL),(2044,4,2,'2009-06-12',21.000,-1.00,NULL),(2045,4,2,'2011-07-25',21.000,-1.00,NULL),(2046,4,2,'2003-09-16',22.000,-1.00,NULL),(2047,4,2,'2010-06-01',22.000,-1.00,NULL),(2048,4,2,'2012-08-28',22.000,-1.00,NULL),(2049,4,2,'2001-02-25',23.000,-1.00,NULL),(2050,4,2,'2006-05-14',23.000,-1.00,NULL),(2051,4,2,'2009-07-10',23.000,-1.00,NULL),(2052,4,2,'2015-07-20',23.600,-1.00,NULL),(2053,4,2,'2013-09-04',23.800,-1.00,NULL),(2054,4,2,'2005-08-14',24.000,-1.00,NULL),(2055,4,2,'2006-03-10',24.000,-1.00,NULL),(2056,4,2,'2015-08-17',24.200,-1.00,NULL),(2057,4,2,'2016-08-16',24.200,-1.00,NULL),(2058,4,2,'2018-07-24',24.200,-1.00,NULL),(2059,4,2,'2002-06-09',25.000,-1.00,NULL),(2060,4,2,'2006-03-03',25.000,-1.00,NULL),(2061,4,2,'2009-09-20',25.000,-1.00,NULL),(2062,4,2,'2015-06-21',25.100,-1.00,NULL),(2063,4,2,'2016-06-14',25.800,-1.00,NULL),(2064,4,2,'2004-08-22',26.000,-1.00,NULL),(2065,4,2,'2006-09-12',26.000,-1.00,NULL),(2066,4,2,'2011-09-02',26.000,-1.00,NULL),(2067,4,2,'2017-08-15',26.600,-1.00,NULL),(2068,4,2,'2005-03-12',27.000,-1.00,NULL),(2069,4,2,'2006-01-08',27.000,-1.00,NULL),(2070,4,2,'2007-05-14',27.000,-1.00,NULL),(2071,4,2,'2009-05-14',27.000,-1.00,NULL),(2072,4,2,'2010-06-29',27.000,-1.00,NULL),(2073,4,2,'2018-06-20',27.200,-1.00,NULL),(2074,4,2,'2004-07-12',28.000,-1.00,NULL),(2075,4,2,'2005-07-18',28.000,-1.00,NULL),(2076,4,2,'2012-09-24',28.000,-1.00,NULL),(2077,4,2,'2002-07-13',29.000,-1.00,NULL),(2078,4,2,'2005-06-24',29.000,-1.00,NULL),(2079,4,2,'2011-06-24',29.000,-1.00,NULL),(2080,4,2,'2011-10-03',29.000,-1.00,NULL),(2081,4,2,'2012-07-30',29.000,-1.00,NULL),(2082,4,2,'2015-04-28',29.300,-1.00,NULL),(2083,4,2,'2005-01-21',30.000,-1.00,NULL),(2084,4,2,'2019-08-06',30.200,-1.00,NULL),(2085,4,2,'2008-08-21',31.000,-1.00,NULL),(2086,4,2,'2017-07-18',31.600,-1.00,NULL),(2087,4,2,'2001-07-23',32.000,-1.00,NULL),(2088,4,2,'2003-08-15',32.000,-1.00,NULL),(2089,4,2,'2012-05-28',32.000,-1.00,NULL),(2090,4,2,'2012-06-26',32.000,-1.00,NULL),(2091,4,2,'2016-09-12',32.000,-1.00,NULL),(2092,4,2,'2018-05-15',32.500,-1.00,NULL),(2093,4,2,'2014-08-26',32.900,-1.00,NULL),(2094,4,2,'2008-05-27',33.000,-1.00,NULL),(2095,4,2,'2014-09-22',33.000,-1.00,NULL),(2096,4,2,'2003-10-18',34.000,-1.00,NULL),(2097,4,2,'2004-01-02',34.000,-1.00,NULL),(2098,4,2,'2008-07-26',34.000,-1.00,NULL),(2099,4,2,'2013-05-28',34.800,-1.00,NULL),(2100,4,2,'2003-03-13',35.000,-1.00,NULL),(2101,4,2,'2010-07-19',35.000,-1.00,NULL),(2102,4,2,'2002-05-05',36.000,-1.00,NULL),(2103,4,2,'2009-08-22',36.000,-1.00,NULL),(2104,4,2,'2014-05-20',36.600,-1.00,NULL),(2105,4,2,'2016-07-18',36.800,-1.00,NULL),(2106,4,2,'2002-10-11',37.000,-1.00,NULL),(2107,4,2,'2004-02-07',37.000,-1.00,NULL),(2108,4,2,'2004-10-12',37.000,-1.00,NULL),(2109,4,2,'2010-09-26',37.000,-1.00,NULL),(2110,4,2,'2017-04-19',37.900,-1.00,NULL),(2111,4,2,'2003-11-14',38.000,-1.00,NULL),(2112,4,2,'2005-10-14',38.000,-1.00,NULL),(2113,4,2,'2010-08-17',38.000,-1.00,NULL),(2114,4,2,'2014-06-24',38.600,-1.00,NULL),(2115,4,2,'2017-06-21',38.600,-1.00,NULL),(2116,4,2,'2000-10-12',39.000,-1.00,NULL),(2117,4,2,'2014-07-22',39.500,-1.00,NULL),(2118,4,2,'2006-10-14',40.000,-1.00,NULL),(2119,4,2,'2009-04-16',40.000,-1.00,NULL),(2120,4,2,'2003-07-18',41.000,-1.00,NULL),(2121,4,2,'2005-11-11',41.000,-1.00,NULL),(2122,4,2,'2005-05-20',42.000,-1.00,NULL),(2123,4,2,'2008-06-21',42.000,-1.00,NULL),(2124,4,2,'2003-06-07',44.000,-1.00,NULL),(2125,4,2,'2004-05-01',45.000,-1.00,NULL),(2126,4,2,'2011-05-03',45.000,-1.00,NULL),(2127,4,2,'2005-04-15',49.000,-1.00,NULL),(2128,4,2,'2004-06-12',52.000,-1.00,NULL),(2129,4,2,'2006-04-13',53.000,-1.00,NULL),(2130,4,2,'2006-11-11',56.000,-1.00,NULL),(2131,4,2,'2003-04-26',57.000,-1.00,NULL),(2132,4,2,'2007-11-09',57.000,-1.00,NULL),(2133,4,2,'2003-02-17',62.000,-1.00,NULL),(2134,4,2,'2007-04-15',63.000,-1.00,NULL),(2135,3,2,'2005-04-15',30.000,-1.00,NULL),(2137,3,2,'2003-03-13',37.000,-1.00,NULL),(2139,3,2,'2003-11-14',40.000,-1.00,NULL),(2140,3,2,'2004-11-11',40.000,-1.00,NULL),(2141,3,2,'2005-11-11',41.000,-1.00,NULL),(2142,3,2,'2006-11-11',41.000,-1.00,NULL),(2144,3,2,'2014-05-20',43.000,-1.00,NULL),(2145,3,2,'2006-04-13',44.000,-1.00,NULL),(2146,3,2,'2007-04-15',47.000,-1.00,NULL),(2147,3,2,'2007-11-09',55.000,-1.00,NULL),(2149,3,2,'2013-05-28',59.000,-1.00,NULL),(2150,3,2,'2008-04-30',61.000,-1.00,NULL),(2153,3,2,'2014-06-24',73.000,-1.00,NULL),(2154,3,2,'2009-04-16',79.000,-1.00,NULL),(2155,3,2,'2015-06-21',89.000,-1.00,NULL),(2157,3,2,'2006-05-14',99.000,-1.00,NULL),(2159,3,2,'2009-05-14',109.000,-1.00,NULL),(2160,3,2,'2003-06-07',111.000,-1.00,NULL),(2161,3,2,'2007-05-14',112.000,-1.00,NULL),(2162,3,2,'2005-05-02',114.000,-1.00,NULL),(2163,3,2,'2005-01-21',122.000,-1.00,NULL),(2166,3,2,'2004-06-12',141.000,-1.00,NULL),(2167,3,2,'2015-07-20',155.000,-1.00,NULL),(2168,3,2,'2006-01-08',158.000,-1.00,NULL),(2170,3,2,'2010-06-01',163.000,-1.00,NULL),(2172,3,2,'2011-06-24',173.000,-1.00,NULL),(2174,3,2,'2012-06-26',182.000,-1.00,NULL),(2175,3,2,'2004-07-12',188.000,-1.00,NULL),(2177,3,2,'2011-07-25',199.000,-1.00,NULL),(2180,3,2,'2006-06-14',224.000,-1.00,NULL),(2182,3,2,'2014-09-22',227.000,-1.00,NULL),(2183,3,2,'2012-07-30',229.000,-1.00,NULL),(2188,3,2,'2012-08-28',243.000,-1.00,NULL),(2189,3,2,'2008-07-26',247.000,-1.00,NULL),(2190,3,2,'2010-08-17',247.000,-1.00,NULL),(2191,3,2,'2001-02-25',249.000,-1.00,NULL),(2192,3,2,'2012-09-24',252.000,-1.00,NULL),(2193,3,2,'2014-07-22',256.000,-1.00,NULL),(2194,3,2,'2006-07-12',258.000,-1.00,NULL),(2196,3,2,'2003-10-18',270.000,-1.00,NULL),(2197,3,2,'2008-08-21',277.000,-1.00,NULL),(2198,3,2,'2005-08-14',281.000,-1.00,NULL),(2200,3,2,'2005-09-14',282.000,-1.00,NULL),(2201,3,2,'2003-07-18',285.000,-1.00,NULL),(2202,3,2,'2011-10-03',295.000,-1.00,NULL),(2205,3,2,'2004-08-22',320.000,-1.00,NULL),(2207,3,2,'2003-08-15',322.000,-1.00,NULL),(2208,3,2,'2004-10-12',325.000,-1.00,NULL),(2209,3,2,'2013-09-04',325.000,-1.00,NULL),(2210,3,2,'2003-02-17',326.000,-1.00,NULL),(2211,3,2,'2003-09-16',337.000,-1.00,NULL),(2212,3,2,'2013-07-29',339.000,-1.00,NULL),(2215,3,2,'2007-06-18',360.000,-1.00,NULL),(2216,3,2,'2006-03-03',361.000,-1.00,NULL),(2218,3,2,'2009-08-22',403.000,-1.00,NULL),(2219,3,2,'2004-02-20',433.000,-1.00,NULL),(2221,3,2,'2005-10-14',437.000,-1.00,NULL),(2222,3,2,'2006-09-12',440.000,-1.00,NULL),(2225,3,2,'2006-10-14',523.000,-1.00,NULL),(2226,3,2,'2007-08-17',542.000,-1.00,NULL),(2227,3,2,'2007-09-12',563.000,-1.00,NULL),(2228,28,2,'2002-06-09',1.000,-1.00,NULL),(2229,28,2,'2001-02-25',1.300,-1.00,NULL),(2230,28,2,'2007-06-18',4.670,-1.00,NULL),(2231,28,2,'2006-07-12',4.710,-1.00,NULL),(2232,28,2,'2013-06-30',4.810,-1.00,NULL),(2233,28,2,'2006-05-14',5.000,-1.00,NULL),(2234,28,2,'2003-10-18',6.390,-1.00,NULL),(2235,28,2,'2006-08-12',7.240,-1.00,NULL),(2236,28,2,'2002-08-09',7.300,-1.00,NULL),(2237,28,2,'2006-06-14',7.800,-1.00,NULL),(2238,28,2,'2009-06-12',8.290,-1.00,NULL),(2239,28,2,'2013-07-29',8.420,-1.00,NULL),(2240,28,2,'2002-10-11',8.590,-1.00,NULL),(2241,28,2,'2016-06-14',8.590,-1.00,NULL),(2242,28,2,'2017-07-18',8.660,-1.00,NULL),(2243,28,2,'2004-06-12',9.420,-1.00,NULL),(2244,28,2,'2015-06-21',9.800,-1.00,NULL),(2245,28,2,'2007-07-21',10.300,-1.00,NULL),(2246,28,2,'2009-07-10',10.800,-1.00,NULL),(2247,28,2,'2016-07-18',11.200,-1.00,NULL),(2248,28,2,'2011-07-25',11.900,-1.00,NULL),(2249,28,2,'2017-06-21',12.000,-1.00,NULL),(2250,28,2,'2011-06-24',12.100,-1.00,NULL),(2251,28,2,'2007-08-17',12.300,-1.00,NULL),(2252,28,2,'2000-10-12',13.000,-1.00,NULL),(2253,28,2,'2013-09-04',13.300,-1.00,NULL),(2254,28,2,'2019-08-06',14.200,-1.00,NULL),(2255,28,2,'2003-06-07',14.300,-1.00,NULL),(2256,28,2,'2012-06-26',14.900,-1.00,NULL),(2257,28,2,'2004-08-22',15.700,-1.00,NULL),(2258,28,2,'2008-06-21',16.100,-1.00,NULL),(2259,28,2,'2010-08-17',16.100,-1.00,NULL),(2260,28,2,'2011-09-02',16.200,-1.00,NULL),(2261,28,2,'2005-08-14',17.000,-1.00,NULL),(2262,28,2,'2002-07-13',17.600,-1.00,NULL),(2263,28,2,'2008-08-21',17.800,-1.00,NULL),(2264,28,2,'2005-07-18',17.900,-1.00,NULL),(2265,28,2,'2015-07-20',18.900,-1.00,NULL),(2266,28,2,'2006-09-12',19.000,-1.00,NULL),(2267,28,2,'2006-10-14',19.000,-1.00,NULL),(2268,28,2,'2005-06-24',19.200,-1.00,NULL),(2269,28,2,'2018-08-29',20.100,-1.00,NULL),(2270,28,2,'2016-08-16',20.500,-1.00,NULL),(2271,28,2,'2018-06-20',21.700,-1.00,NULL),(2272,28,2,'2012-08-28',22.300,-1.00,NULL),(2273,28,2,'2005-10-14',25.000,-1.00,NULL),(2274,28,2,'2014-07-22',26.200,-1.00,NULL),(2275,28,2,'2010-07-19',27.100,-1.00,NULL),(2276,28,2,'2003-08-15',28.400,-1.00,NULL),(2277,28,2,'2018-07-24',30.100,-1.00,NULL),(2278,28,2,'2017-08-15',32.100,-1.00,NULL),(2279,28,2,'2014-08-26',32.900,-1.00,NULL),(2280,28,2,'2004-10-12',35.700,-1.00,NULL),(2281,28,2,'2001-07-23',36.000,-1.00,NULL),(2282,28,2,'2008-07-26',36.000,-1.00,NULL),(2283,28,2,'2014-06-24',37.200,-1.00,NULL),(2284,28,2,'2010-06-29',38.300,-1.00,NULL),(2285,28,2,'2009-08-22',38.800,-1.00,NULL),(2286,28,2,'2000-08-19',42.000,-1.00,NULL),(2287,28,2,'2015-08-17',44.700,-1.00,NULL),(2288,28,2,'2004-07-12',47.400,-1.00,NULL),(2289,28,2,'2012-07-30',59.200,-1.00,NULL),(2290,28,2,'2003-07-18',62.500,-1.00,NULL),(2291,30,2,'2007-05-14',39.000,-1.00,NULL),(2292,30,2,'2000-05-02',40.000,-1.00,NULL),(2293,30,2,'2007-05-04',40.000,-1.00,NULL),(2294,30,2,'2007-06-23',40.000,-1.00,NULL),(2295,30,2,'2006-08-04',41.000,-1.00,NULL),(2296,30,2,'2009-06-26',41.000,-1.00,NULL),(2297,30,2,'2013-06-13',41.000,-1.00,NULL),(2298,30,2,'2002-08-26',42.000,-1.00,NULL),(2299,30,2,'2006-06-30',42.000,-1.00,NULL),(2300,30,2,'2007-07-06',42.000,-1.00,NULL),(2301,30,2,'2001-10-01',43.000,-1.00,NULL),(2302,30,2,'2002-08-30',43.000,-1.00,NULL),(2303,30,2,'2004-09-30',43.000,-1.00,NULL),(2304,30,2,'2004-11-11',43.000,-1.00,NULL),(2305,30,2,'2005-09-20',43.000,-1.00,NULL),(2306,30,2,'2006-07-12',43.000,-1.00,NULL),(2307,30,2,'2006-07-22',43.000,-1.00,NULL),(2308,30,2,'2006-08-12',43.000,-1.00,NULL),(2309,30,2,'2007-06-09',43.000,-1.00,NULL),(2310,30,2,'2007-07-21',43.000,-1.00,NULL),(2311,30,2,'2009-05-14',43.000,-1.00,NULL),(2312,30,2,'2010-05-20',43.000,-1.00,NULL),(2313,30,2,'2000-06-25',44.000,-1.00,NULL),(2314,30,2,'2001-09-27',44.000,-1.00,NULL),(2315,30,2,'2002-06-16',44.000,-1.00,NULL),(2316,30,2,'2003-10-18',44.000,-1.00,NULL),(2317,30,2,'2004-09-20',44.000,-1.00,NULL),(2318,30,2,'2006-05-14',44.000,-1.00,NULL),(2319,30,2,'2006-06-14',44.000,-1.00,NULL),(2320,30,2,'2007-05-27',44.000,-1.00,NULL),(2321,30,2,'2008-09-19',44.000,-1.00,NULL),(2322,30,2,'2008-10-03',44.000,-1.00,NULL),(2323,30,2,'2013-07-01',44.000,-1.00,NULL),(2324,30,2,'2015-04-28',44.000,-1.00,NULL),(2325,30,2,'1999-06-24',45.000,-1.00,NULL),(2326,30,2,'1999-09-16',45.000,-1.00,NULL),(2327,30,2,'2002-05-30',45.000,-1.00,NULL),(2328,30,2,'2002-09-08',45.000,-1.00,NULL),(2329,30,2,'2005-09-04',45.000,-1.00,NULL),(2330,30,2,'2005-09-14',45.000,-1.00,NULL),(2331,30,2,'2006-08-20',45.000,-1.00,NULL),(2332,30,2,'2007-08-02',45.000,-1.00,NULL),(2333,30,2,'2010-05-09',45.000,-1.00,NULL),(2334,30,2,'2013-05-28',45.000,-1.00,NULL),(2335,30,2,'2016-06-14',45.000,-1.00,NULL),(2336,30,2,'1999-07-28',46.000,-1.00,NULL),(2337,30,2,'2000-04-21',46.000,-1.00,NULL),(2338,30,2,'2000-10-12',46.000,-1.00,NULL),(2339,30,2,'2000-10-15',46.000,-1.00,NULL),(2340,30,2,'2002-05-05',46.000,-1.00,NULL),(2341,30,2,'2002-10-11',46.000,-1.00,NULL),(2342,30,2,'2003-10-01',46.000,-1.00,NULL),(2343,30,2,'2004-09-03',46.000,-1.00,NULL),(2344,30,2,'2005-07-10',46.000,-1.00,NULL),(2345,30,2,'2012-04-24',46.000,-1.00,NULL),(2346,30,2,'2019-08-29',46.000,-1.00,NULL),(2347,30,2,'1998-10-01',47.000,-1.00,NULL),(2348,30,2,'1999-07-06',47.000,-1.00,NULL),(2349,30,2,'1999-07-16',47.000,-1.00,NULL),(2350,30,2,'1999-08-24',47.000,-1.00,NULL),(2351,30,2,'1999-10-05',47.000,-1.00,NULL),(2352,30,2,'2000-06-10',47.000,-1.00,NULL),(2353,30,2,'2000-09-29',47.000,-1.00,NULL),(2354,30,2,'2001-10-19',47.000,-1.00,NULL),(2355,30,2,'2002-06-09',47.000,-1.00,NULL),(2356,30,2,'2002-08-09',47.000,-1.00,NULL),(2357,30,2,'2002-09-22',47.000,-1.00,NULL),(2358,30,2,'2003-09-16',47.000,-1.00,NULL),(2359,30,2,'2004-05-10',47.000,-1.00,NULL),(2360,30,2,'2004-06-12',47.000,-1.00,NULL),(2361,30,2,'2005-08-27',47.000,-1.00,NULL),(2362,30,2,'2006-04-29',47.000,-1.00,NULL),(2363,30,2,'2006-06-08',47.000,-1.00,NULL),(2364,30,2,'2007-09-28',47.000,-1.00,NULL),(2365,30,2,'2008-09-09',47.000,-1.00,NULL),(2366,30,2,'2010-04-14',47.000,-1.00,NULL),(2367,30,2,'2011-06-02',47.000,-1.00,NULL),(2368,30,2,'2012-09-13',47.000,-1.00,NULL),(2369,30,2,'2013-07-21',47.000,-1.00,NULL),(2370,30,2,'2013-07-29',47.000,-1.00,NULL),(2371,30,2,'2015-06-21',47.000,-1.00,NULL),(2372,30,2,'2017-07-18',47.000,-1.00,NULL),(2373,30,2,'2018-05-15',47.000,-1.00,NULL),(2374,30,2,'1998-09-22',48.000,-1.00,NULL),(2375,30,2,'1999-06-13',48.000,-1.00,NULL),(2376,30,2,'1999-10-12',48.000,-1.00,NULL),(2377,30,2,'2000-05-25',48.000,-1.00,NULL),(2378,30,2,'2000-06-22',48.000,-1.00,NULL),(2379,30,2,'2000-07-11',48.000,-1.00,NULL),(2380,30,2,'2002-05-17',48.000,-1.00,NULL),(2381,30,2,'2002-07-27',48.000,-1.00,NULL),(2382,30,2,'2003-05-07',48.000,-1.00,NULL),(2383,30,2,'2003-11-14',48.000,-1.00,NULL),(2384,30,2,'2004-10-12',48.000,-1.00,NULL),(2385,30,2,'2005-04-15',48.000,-1.00,NULL),(2386,30,2,'2006-10-06',48.000,-1.00,NULL),(2387,30,2,'2007-08-17',48.000,-1.00,NULL),(2388,30,2,'2009-05-02',48.000,-1.00,NULL),(2389,30,2,'2011-05-03',48.000,-1.00,NULL),(2390,30,2,'2015-05-27',48.000,-1.00,NULL),(2391,30,2,'1998-09-11',49.000,-1.00,NULL),(2392,30,2,'1998-10-17',49.000,-1.00,NULL),(2393,30,2,'2001-09-12',49.000,-1.00,NULL),(2394,30,2,'2002-05-14',49.000,-1.00,NULL),(2395,30,2,'2002-06-28',49.000,-1.00,NULL),(2396,30,2,'2004-05-24',49.000,-1.00,NULL),(2397,30,2,'2006-05-26',49.000,-1.00,NULL),(2398,30,2,'2009-07-24',49.000,-1.00,NULL),(2399,30,2,'2011-05-17',49.000,-1.00,NULL),(2400,30,2,'2012-04-07',49.000,-1.00,NULL),(2401,30,2,'2012-06-26',49.000,-1.00,NULL),(2402,30,2,'2013-08-19',49.000,-1.00,NULL),(2403,30,2,'2013-09-04',49.000,-1.00,NULL),(2404,30,2,'2015-06-01',49.000,-1.00,NULL),(2405,30,2,'2015-06-30',49.000,-1.00,NULL),(2406,30,2,'2016-07-18',49.000,-1.00,NULL),(2407,30,2,'2017-06-21',49.000,-1.00,NULL),(2408,30,2,'1998-09-01',50.000,-1.00,NULL),(2409,30,2,'1999-05-09',50.000,-1.00,NULL),(2410,30,2,'2000-07-27',50.000,-1.00,NULL),(2411,30,2,'2001-08-31',50.000,-1.00,NULL),(2412,30,2,'2003-04-26',50.000,-1.00,NULL),(2413,30,2,'2003-05-23',50.000,-1.00,NULL),(2414,30,2,'2003-06-07',50.000,-1.00,NULL),(2415,30,2,'2003-06-20',50.000,-1.00,NULL),(2416,30,2,'2004-08-22',50.000,-1.00,NULL),(2417,30,2,'2005-05-06',50.000,-1.00,NULL),(2418,30,2,'2005-05-20',50.000,-1.00,NULL),(2419,30,2,'2005-10-14',50.000,-1.00,NULL),(2420,30,2,'2006-09-02',50.000,-1.00,NULL),(2421,30,2,'2006-09-12',50.000,-1.00,NULL),(2422,30,2,'2006-10-14',50.000,-1.00,NULL),(2423,30,2,'2006-11-11',50.000,-1.00,NULL),(2424,30,2,'2007-08-31',50.000,-1.00,NULL),(2425,30,2,'2007-09-12',50.000,-1.00,NULL),(2426,30,2,'2008-05-16',50.000,-1.00,NULL),(2427,30,2,'2008-06-07',50.000,-1.00,NULL),(2428,30,2,'2009-06-12',50.000,-1.00,NULL),(2429,30,2,'2009-07-10',50.000,-1.00,NULL),(2430,30,2,'2010-06-01',50.000,-1.00,NULL),(2431,30,2,'2010-09-02',50.000,-1.00,NULL),(2432,30,2,'2011-08-19',50.000,-1.00,NULL),(2433,30,2,'2019-05-31',50.000,-1.00,NULL),(2434,30,2,'2019-08-06',50.000,-1.00,NULL),(2435,30,2,'2000-09-13',51.000,-1.00,NULL),(2436,30,2,'2000-09-16',51.000,-1.00,NULL),(2437,30,2,'2001-06-04',51.000,-1.00,NULL),(2438,30,2,'2001-06-28',51.000,-1.00,NULL),(2439,30,2,'2004-05-01',51.000,-1.00,NULL),(2440,30,2,'2005-10-07',51.000,-1.00,NULL),(2441,30,2,'2006-04-13',51.000,-1.00,NULL),(2442,30,2,'2006-09-20',51.000,-1.00,NULL),(2443,30,2,'2008-05-27',51.000,-1.00,NULL),(2444,30,2,'2008-08-29',51.000,-1.00,NULL),(2445,30,2,'2009-05-28',51.000,-1.00,NULL),(2446,30,2,'2011-06-28',51.000,-1.00,NULL),(2447,30,2,'2011-10-03',51.000,-1.00,NULL),(2448,30,2,'2012-07-11',51.000,-1.00,NULL),(2449,30,2,'2017-04-19',51.000,-1.00,NULL),(2450,30,2,'2019-08-03',51.000,-1.00,NULL),(2451,30,2,'2003-06-19',52.000,-1.00,NULL),(2452,30,2,'2005-06-24',52.000,-1.00,NULL),(2453,30,2,'2005-08-14',52.000,-1.00,NULL),(2454,30,2,'2008-04-30',52.000,-1.00,NULL),(2455,30,2,'2001-05-10',53.000,-1.00,NULL),(2456,30,2,'2005-06-18',53.000,-1.00,NULL),(2457,30,2,'2005-07-18',53.000,-1.00,NULL),(2458,30,2,'2007-04-15',53.000,-1.00,NULL),(2459,30,2,'2008-06-21',53.000,-1.00,NULL),(2460,30,2,'2010-09-26',53.000,-1.00,NULL),(2461,30,2,'2012-05-28',53.000,-1.00,NULL),(2462,30,2,'2014-05-20',53.000,-1.00,NULL),(2463,30,2,'2014-06-05',53.000,-1.00,NULL),(2464,30,2,'2016-09-12',53.000,-1.00,NULL),(2465,30,2,'2018-06-13',53.000,-1.00,NULL),(2466,30,2,'2019-08-18',53.000,-1.00,NULL),(2467,30,2,'2008-08-21',54.000,-1.00,NULL),(2468,30,2,'2015-07-07',54.000,-1.00,NULL),(2469,30,2,'2015-07-20',54.000,-1.00,NULL),(2470,30,2,'2017-05-08',54.000,-1.00,NULL),(2471,30,2,'2018-06-20',54.000,-1.00,NULL),(2472,30,2,'2018-09-26',54.000,-1.00,NULL),(2473,30,2,'2000-08-07',55.000,-1.00,NULL),(2474,30,2,'2001-07-12',55.000,-1.00,NULL),(2475,30,2,'2003-08-30',55.000,-1.00,NULL),(2476,30,2,'2004-06-27',55.000,-1.00,NULL),(2477,30,2,'2005-07-30',55.000,-1.00,NULL),(2478,30,2,'2009-08-09',55.000,-1.00,NULL),(2479,30,2,'2010-06-17',55.000,-1.00,NULL),(2480,30,2,'2011-07-25',55.000,-1.00,NULL),(2481,30,2,'2011-09-02',55.000,-1.00,NULL),(2482,30,2,'2017-09-19',55.000,-1.00,NULL),(2483,30,2,'2004-08-06',56.000,-1.00,NULL),(2484,30,2,'2009-09-20',56.000,-1.00,NULL),(2485,30,2,'2012-08-28',56.000,-1.00,NULL),(2486,30,2,'2000-09-02',57.000,-1.00,NULL),(2487,30,2,'2001-04-25',57.000,-1.00,NULL),(2488,30,2,'2001-08-17',57.000,-1.00,NULL),(2489,30,2,'2003-07-04',57.000,-1.00,NULL),(2490,30,2,'2003-08-15',57.000,-1.00,NULL),(2491,30,2,'2008-07-01',57.000,-1.00,NULL),(2492,30,2,'2008-08-09',57.000,-1.00,NULL),(2493,30,2,'2009-08-22',57.000,-1.00,NULL),(2494,30,2,'2010-08-17',57.000,-1.00,NULL),(2495,30,2,'2012-08-14',57.000,-1.00,NULL),(2496,30,2,'2014-09-22',57.000,-1.00,NULL),(2497,30,2,'2017-08-15',57.000,-1.00,NULL),(2498,30,2,'2018-08-29',57.000,-1.00,NULL),(2499,30,2,'2005-06-04',58.000,-1.00,NULL),(2500,30,2,'2009-09-06',58.000,-1.00,NULL),(2501,30,2,'2010-07-19',58.000,-1.00,NULL),(2502,30,2,'2010-08-02',58.000,-1.00,NULL),(2503,30,2,'2016-08-16',58.000,-1.00,NULL),(2504,30,2,'2000-08-19',59.000,-1.00,NULL),(2505,30,2,'2000-08-22',59.000,-1.00,NULL),(2506,30,2,'2008-07-13',59.000,-1.00,NULL),(2507,30,2,'2010-06-29',59.000,-1.00,NULL),(2508,30,2,'2014-06-24',59.000,-1.00,NULL),(2509,30,2,'2017-05-31',59.000,-1.00,NULL),(2510,30,2,'2018-07-24',59.000,-1.00,NULL),(2511,30,2,'2002-07-13',60.000,-1.00,NULL),(2512,30,2,'2003-07-18',60.000,-1.00,NULL),(2513,30,2,'2004-07-12',60.000,-1.00,NULL),(2514,30,2,'2008-07-26',60.000,-1.00,NULL),(2515,30,2,'2001-07-23',61.000,-1.00,NULL),(2516,30,2,'2003-08-01',61.000,-1.00,NULL),(2517,30,2,'2004-07-24',61.000,-1.00,NULL),(2518,30,2,'2014-07-22',63.000,-1.00,NULL),(2519,30,2,'2012-07-30',64.000,-1.00,NULL),(2520,30,2,'2014-08-07',67.000,-1.00,NULL),(2521,30,2,'2014-08-26',67.000,-1.00,NULL),(2522,32,2,'2005-09-14',44.000,-1.00,NULL),(2523,32,2,'2006-07-12',49.000,-1.00,NULL),(2524,32,2,'2007-09-12',49.000,-1.00,NULL),(2525,32,2,'2006-06-14',50.000,-1.00,NULL),(2526,32,2,'2007-06-18',50.000,-1.00,NULL),(2527,32,2,'2008-09-19',50.000,-1.00,NULL),(2528,32,2,'2013-06-30',50.000,-1.00,NULL),(2529,32,2,'2013-07-29',50.000,-1.00,NULL),(2530,32,2,'2006-08-12',51.000,-1.00,NULL),(2531,32,2,'2007-07-21',51.000,-1.00,NULL),(2532,32,2,'2007-08-17',51.000,-1.00,NULL),(2533,32,2,'2019-08-29',51.000,-1.00,NULL),(2534,32,2,'2002-08-09',52.000,-1.00,NULL),(2535,32,2,'2003-09-16',52.000,-1.00,NULL),(2536,32,2,'2004-02-20',52.000,-1.00,NULL),(2537,32,2,'2004-09-20',52.000,-1.00,NULL),(2538,32,2,'2006-05-14',52.000,-1.00,NULL),(2539,32,2,'2009-06-12',52.000,-1.00,NULL),(2540,32,2,'2009-07-10',52.000,-1.00,NULL),(2541,32,2,'2010-06-01',52.000,-1.00,NULL),(2542,32,2,'2011-07-25',52.000,-1.00,NULL),(2543,32,2,'2012-08-28',52.000,-1.00,NULL),(2544,32,2,'2018-08-29',52.000,-1.00,NULL),(2545,32,2,'2002-06-09',53.000,-1.00,NULL),(2546,32,2,'2004-08-22',53.000,-1.00,NULL),(2547,32,2,'2005-03-12',53.000,-1.00,NULL),(2548,32,2,'2005-08-14',53.000,-1.00,NULL),(2549,32,2,'2006-03-03',53.000,-1.00,NULL),(2550,32,2,'2006-03-10',53.000,-1.00,NULL),(2551,32,2,'2006-09-12',53.000,-1.00,NULL),(2552,32,2,'2009-09-20',53.000,-1.00,NULL),(2553,32,2,'2011-09-02',53.000,-1.00,NULL),(2554,32,2,'2013-09-04',53.000,-1.00,NULL),(2555,32,2,'2015-06-21',53.000,-1.00,NULL),(2556,32,2,'2015-07-20',53.000,-1.00,NULL),(2557,32,2,'2015-08-17',53.000,-1.00,NULL),(2558,32,2,'2016-06-14',53.000,-1.00,NULL),(2559,32,2,'2016-08-16',53.000,-1.00,NULL),(2560,32,2,'2017-08-15',53.000,-1.00,NULL),(2561,32,2,'2018-07-24',53.000,-1.00,NULL),(2562,32,2,'2002-07-13',54.000,-1.00,NULL),(2563,32,2,'2004-07-12',54.000,-1.00,NULL),(2564,32,2,'2005-01-21',54.000,-1.00,NULL),(2565,32,2,'2005-06-24',54.000,-1.00,NULL),(2566,32,2,'2005-07-18',54.000,-1.00,NULL),(2567,32,2,'2006-01-08',54.000,-1.00,NULL),(2568,32,2,'2007-05-14',54.000,-1.00,NULL),(2569,32,2,'2009-05-14',54.000,-1.00,NULL),(2570,32,2,'2010-06-29',54.000,-1.00,NULL),(2571,32,2,'2011-06-24',54.000,-1.00,NULL),(2572,32,2,'2011-10-03',54.000,-1.00,NULL),(2573,32,2,'2012-07-30',54.000,-1.00,NULL),(2574,32,2,'2012-09-24',54.000,-1.00,NULL),(2575,32,2,'2015-04-28',54.000,-1.00,NULL),(2576,32,2,'2018-06-20',54.000,-1.00,NULL),(2577,32,2,'2019-08-06',54.000,-1.00,NULL),(2578,32,2,'2001-07-23',55.000,-1.00,NULL),(2579,32,2,'2003-03-13',55.000,-1.00,NULL),(2580,32,2,'2003-08-15',55.000,-1.00,NULL),(2581,32,2,'2003-10-18',55.000,-1.00,NULL),(2582,32,2,'2004-01-02',55.000,-1.00,NULL),(2583,32,2,'2008-05-27',55.000,-1.00,NULL),(2584,32,2,'2008-07-26',55.000,-1.00,NULL),(2585,32,2,'2008-08-21',55.000,-1.00,NULL),(2586,32,2,'2012-05-28',55.000,-1.00,NULL),(2587,32,2,'2012-06-26',55.000,-1.00,NULL),(2588,32,2,'2014-08-26',55.000,-1.00,NULL),(2589,32,2,'2014-09-22',55.000,-1.00,NULL),(2590,32,2,'2016-09-12',55.000,-1.00,NULL),(2591,32,2,'2017-07-18',55.000,-1.00,NULL),(2592,32,2,'2018-05-15',55.000,-1.00,NULL),(2593,32,2,'2002-05-05',56.000,-1.00,NULL),(2594,32,2,'2002-10-11',56.000,-1.00,NULL),(2595,32,2,'2003-11-14',56.000,-1.00,NULL),(2596,32,2,'2004-02-07',56.000,-1.00,NULL),(2597,32,2,'2004-10-12',56.000,-1.00,NULL),(2598,32,2,'2005-10-14',56.000,-1.00,NULL),(2599,32,2,'2009-08-22',56.000,-1.00,NULL),(2600,32,2,'2010-07-19',56.000,-1.00,NULL),(2601,32,2,'2010-08-17',56.000,-1.00,NULL),(2602,32,2,'2010-09-26',56.000,-1.00,NULL),(2603,32,2,'2013-05-28',56.000,-1.00,NULL),(2604,32,2,'2014-05-20',56.000,-1.00,NULL),(2605,32,2,'2014-06-24',56.000,-1.00,NULL),(2606,32,2,'2016-07-18',56.000,-1.00,NULL),(2607,32,2,'2017-04-19',56.000,-1.00,NULL),(2608,32,2,'2017-06-21',56.000,-1.00,NULL),(2609,32,2,'2000-10-12',57.000,-1.00,NULL),(2610,32,2,'2003-06-07',57.000,-1.00,NULL),(2611,32,2,'2003-07-18',57.000,-1.00,NULL),(2612,32,2,'2005-05-20',57.000,-1.00,NULL),(2613,32,2,'2005-11-11',57.000,-1.00,NULL),(2614,32,2,'2006-10-14',57.000,-1.00,NULL),(2615,32,2,'2008-06-21',57.000,-1.00,NULL),(2616,32,2,'2009-04-16',57.000,-1.00,NULL),(2617,32,2,'2014-07-22',57.000,-1.00,NULL),(2618,32,2,'2004-05-01',58.000,-1.00,NULL),(2619,32,2,'2011-05-03',58.000,-1.00,NULL),(2620,32,2,'2004-06-12',59.000,-1.00,NULL),(2621,32,2,'2006-04-13',59.000,-1.00,NULL),(2622,32,2,'2003-04-26',61.000,-1.00,NULL),(2623,32,2,'2006-11-11',61.000,-1.00,NULL),(2624,32,2,'2007-11-09',61.000,-1.00,NULL),(2625,34,2,'2002-06-09',34.000,-1.00,NULL),(2626,34,2,'2007-06-18',46.000,-1.00,NULL),(2627,34,2,'2006-05-14',47.000,-1.00,NULL),(2628,34,2,'2006-07-12',47.000,-1.00,NULL),(2629,34,2,'2013-06-30',47.000,-1.00,NULL),(2630,34,2,'2003-10-18',49.000,-1.00,NULL),(2631,34,2,'2002-08-09',50.000,-1.00,NULL),(2632,34,2,'2006-06-14',50.000,-1.00,NULL),(2633,34,2,'2006-08-12',50.000,-1.00,NULL),(2634,34,2,'2002-10-11',51.000,-1.00,NULL),(2635,34,2,'2009-06-12',51.000,-1.00,NULL),(2636,34,2,'2013-07-29',51.000,-1.00,NULL),(2637,34,2,'2016-06-14',51.000,-1.00,NULL),(2638,34,2,'2017-07-18',51.000,-1.00,NULL),(2639,34,2,'2004-06-12',52.000,-1.00,NULL),(2640,34,2,'2007-07-21',52.000,-1.00,NULL),(2641,34,2,'2015-06-21',52.000,-1.00,NULL),(2642,34,2,'2009-07-10',53.000,-1.00,NULL),(2643,34,2,'2000-10-12',54.000,-1.00,NULL),(2644,34,2,'2007-08-17',54.000,-1.00,NULL),(2645,34,2,'2011-06-24',54.000,-1.00,NULL),(2646,34,2,'2011-07-25',54.000,-1.00,NULL),(2647,34,2,'2013-09-04',54.000,-1.00,NULL),(2648,34,2,'2017-06-21',54.000,-1.00,NULL),(2649,34,2,'2003-06-07',55.000,-1.00,NULL),(2650,34,2,'2012-06-26',55.000,-1.00,NULL),(2651,34,2,'2019-08-06',55.000,-1.00,NULL),(2652,34,2,'2002-07-13',56.000,-1.00,NULL),(2653,34,2,'2004-08-22',56.000,-1.00,NULL),(2654,34,2,'2005-08-14',56.000,-1.00,NULL),(2655,34,2,'2008-06-21',56.000,-1.00,NULL),(2656,34,2,'2010-08-17',56.000,-1.00,NULL),(2657,34,2,'2011-09-02',56.000,-1.00,NULL),(2658,34,2,'2005-06-24',57.000,-1.00,NULL),(2659,34,2,'2005-07-18',57.000,-1.00,NULL),(2660,34,2,'2006-09-12',57.000,-1.00,NULL),(2661,34,2,'2006-10-14',57.000,-1.00,NULL),(2662,34,2,'2008-08-21',57.000,-1.00,NULL),(2663,34,2,'2015-07-20',57.000,-1.00,NULL),(2664,34,2,'2012-08-28',58.000,-1.00,NULL),(2665,34,2,'2016-08-16',58.000,-1.00,NULL),(2666,34,2,'2018-06-20',58.000,-1.00,NULL),(2667,34,2,'2018-08-29',58.000,-1.00,NULL),(2668,34,2,'2005-10-14',59.000,-1.00,NULL),(2669,34,2,'2014-07-22',59.000,-1.00,NULL),(2670,34,2,'2001-07-23',60.000,-1.00,NULL),(2671,34,2,'2003-08-15',60.000,-1.00,NULL),(2672,34,2,'2010-07-19',60.000,-1.00,NULL),(2673,34,2,'2004-10-12',62.000,-1.00,NULL),(2674,34,2,'2008-07-26',62.000,-1.00,NULL),(2675,34,2,'2009-08-22',62.000,-1.00,NULL),(2676,34,2,'2010-06-29',62.000,-1.00,NULL),(2677,34,2,'2014-06-24',62.000,-1.00,NULL),(2678,34,2,'2016-07-18',62.000,-1.00,NULL),(2679,34,2,'2000-08-19',63.000,-1.00,NULL),(2680,34,2,'2004-07-12',64.000,-1.00,NULL),(2681,34,2,'2014-08-26',64.000,-1.00,NULL),(2682,34,2,'2015-08-17',64.000,-1.00,NULL),(2683,34,2,'2017-08-15',64.000,-1.00,NULL),(2684,34,2,'2018-07-24',64.000,-1.00,NULL),(2685,34,2,'2003-07-18',66.000,-1.00,NULL),(2686,34,2,'2012-07-30',66.000,-1.00,NULL),(2687,36,2,'2003-09-16',25.000,-1.00,NULL),(2688,36,2,'2003-08-15',30.000,-1.00,NULL),(2689,36,2,'2003-10-18',30.000,-1.00,NULL),(2690,36,2,'2003-04-26',50.000,-1.00,NULL),(2691,36,2,'2003-06-19',55.000,-1.00,NULL),(2692,36,2,'2003-07-18',55.000,-1.00,NULL);
/*!40000 ALTER TABLE `measurement` ENABLE KEYS */;
UNLOCK TABLES;

--
-- Table structure for table `reporter`
--

DROP TABLE IF EXISTS `reporter`;
/*!40101 SET @saved_cs_client     = @@character_set_client */;
/*!50503 SET character_set_client = utf8mb4 */;
CREATE TABLE `reporter` (
  `id` int NOT NULL AUTO_INCREMENT,
  `first_name` varchar(45) NOT NULL,
  `last_name` varchar(45) NOT NULL,
  `email_address` varchar(200) DEFAULT NULL,
  `phone_number` varchar(10) DEFAULT NULL,
  `username` varchar(50) NOT NULL,
  `password` varchar(500) NOT NULL,
  `enabled` tinyint NOT NULL,
  PRIMARY KEY (`id`),
  UNIQUE KEY `reporter_udx` (`username`)
) ENGINE=InnoDB AUTO_INCREMENT=4 DEFAULT CHARSET=utf8;
/*!40101 SET character_set_client = @saved_cs_client */;

--
-- Dumping data for table `reporter`
--

LOCK TABLES `reporter` WRITE;
/*!40000 ALTER TABLE `reporter` DISABLE KEYS */;
INSERT INTO `reporter` VALUES (1,'Dan','Hollar','daniel.hollar@gmail.com','6127906650','dan','$2a$10$N2wbu5PjFLUIx/nA5EXnFeoAwYLgcftSP4P8bWlX5OE2WZebySuZe',1),(2,'Dick','Hollar','dickhollar@gmail.com','9414844314','dhollar','$2a$10$N2wbu5PjFLUIx/nA5EXnFeoAwYLgcftSP4P8bWlX5OE2WZebySuZe',1),(3,'Larry','Bresina','bob@aol.com','1111111111','lbresina','$2a$10$N2wbu5PjFLUIx/nA5EXnFeoAwYLgcftSP4P8bWlX5OE2WZebySuZe',1);
/*!40000 ALTER TABLE `reporter` ENABLE KEYS */;
UNLOCK TABLES;

--
-- Table structure for table `reporter_role`
--

DROP TABLE IF EXISTS `reporter_role`;
/*!40101 SET @saved_cs_client     = @@character_set_client */;
/*!50503 SET character_set_client = utf8mb4 */;
CREATE TABLE `reporter_role` (
  `id` int NOT NULL AUTO_INCREMENT,
  `reporter_id` int NOT NULL,
  `role` varchar(50) NOT NULL,
  PRIMARY KEY (`id`),
  UNIQUE KEY `reporter_role_udx` (`reporter_id`,`role`) /*!80000 INVISIBLE */,
  CONSTRAINT `fk_reporter_role` FOREIGN KEY (`reporter_id`) REFERENCES `reporter` (`id`)
) ENGINE=InnoDB AUTO_INCREMENT=5 DEFAULT CHARSET=utf8;
/*!40101 SET character_set_client = @saved_cs_client */;

--
-- Dumping data for table `reporter_role`
--

LOCK TABLES `reporter_role` WRITE;
/*!40000 ALTER TABLE `reporter_role` DISABLE KEYS */;
INSERT INTO `reporter_role` VALUES (1,1,'ROLE_REPORTER'),(2,1,'ROLE_ADMIN'),(3,2,'ROLE_REPORTER'),(4,3,'ROLE_REPORTER');
/*!40000 ALTER TABLE `reporter_role` ENABLE KEYS */;
UNLOCK TABLES;

--
-- Table structure for table `site`
--

DROP TABLE IF EXISTS `site`;
/*!40101 SET @saved_cs_client     = @@character_set_client */;
/*!50503 SET character_set_client = utf8mb4 */;
CREATE TABLE `site` (
  `id` int NOT NULL AUTO_INCREMENT,
  `description` varchar(100) NOT NULL,
  `water_body_number` varchar(10) DEFAULT NULL,
  `dnr_region` varchar(10) DEFAULT NULL,
  `geo_region` varchar(10) DEFAULT NULL,
  PRIMARY KEY (`id`),
  UNIQUE KEY `site_udx` (`description`)
) ENGINE=InnoDB AUTO_INCREMENT=5 DEFAULT CHARSET=utf8;
/*!40101 SET character_set_client = @saved_cs_client */;

--
-- Dumping data for table `site`
--

LOCK TABLES `site` WRITE;
/*!40000 ALTER TABLE `site` DISABLE KEYS */;
INSERT INTO `site` VALUES (1,'Pipe Lake','2490500','NO','North'),(2,'North Pipe Lake','2485700','NO','North'),(3,'Pond',NULL,NULL,NULL),(4,'Stream',NULL,NULL,NULL);
/*!40000 ALTER TABLE `site` ENABLE KEYS */;
UNLOCK TABLES;

--
-- Table structure for table `unit`
--

DROP TABLE IF EXISTS `unit`;
/*!40101 SET @saved_cs_client     = @@character_set_client */;
/*!50503 SET character_set_client = utf8mb4 */;
CREATE TABLE `unit` (
  `id` int NOT NULL AUTO_INCREMENT,
  `unit_description` varchar(20) NOT NULL,
  `long_description` varchar(100) NOT NULL,
  `short_description` varchar(50) NOT NULL,
  `enable_depth` tinyint NOT NULL DEFAULT '1',
  `type` varchar(15) NOT NULL DEFAULT 'WATER',
  PRIMARY KEY (`id`),
  UNIQUE KEY `unit_udx` (`long_description`)
) ENGINE=InnoDB AUTO_INCREMENT=15 DEFAULT CHARSET=utf8;
/*!40101 SET character_set_client = @saved_cs_client */;

--
-- Dumping data for table `unit`
--

LOCK TABLES `unit` WRITE;
/*!40000 ALTER TABLE `unit` DISABLE KEYS */;
INSERT INTO `unit` VALUES (1,'Ug/l','Total Phosphorus','TP',0,'WATER'),(2,'Date','First Ice','FI',0,'EVENT'),(3,'Date','Froze Over','FO',0,'EVENT'),(4,'Date','Thaw at Shore','TAS',0,'EVENT'),(5,'Date','Ice Out','IO',0,'EVENT'),(6,'Mg/L','Dissolved Oxygen','DO',1,'WATER'),(7,'F','Tempurature (F)','TEMP',1,'WATER'),(8,'Mg/L','Soluable Ractive Phosporus','SRP',0,'WATER'),(9,'Ft','Secchi Depth','SD',0,'WATER'),(10,'Ug/l','Chlorophyll Level','Chl',0,'WATER'),(11,'TSI(SD)','Trophic State Index (Secchi Depth)','TSI(SD)',0,'WATER'),(12,'TSI(P)','Trophic State Index (Phosphorus)','TSI(P)',0,'WATER'),(13,'TSI(Chl)','Trophic State Index (Chlorophyll)','TSI(Chl)',0,'WATER'),(14,'su','Color','Color',0,'WATER');
/*!40000 ALTER TABLE `unit` ENABLE KEYS */;
UNLOCK TABLES;

--
-- Table structure for table `unit_location`
--

DROP TABLE IF EXISTS `unit_location`;
/*!40101 SET @saved_cs_client     = @@character_set_client */;
/*!50503 SET character_set_client = utf8mb4 */;
CREATE TABLE `unit_location` (
  `id` int NOT NULL AUTO_INCREMENT,
  `location_id` int NOT NULL,
  `unit_id` int NOT NULL,
  PRIMARY KEY (`id`),
  UNIQUE KEY `unit_location_ux` (`unit_id`,`location_id`),
  KEY `fk_unit_location_unit_idx` (`unit_id`),
  KEY `fk_unit_location_location_idx` (`location_id`),
  CONSTRAINT `fk_unit_location_location` FOREIGN KEY (`location_id`) REFERENCES `location` (`id`),
  CONSTRAINT `fk_unit_location_unit` FOREIGN KEY (`unit_id`) REFERENCES `unit` (`id`)
) ENGINE=InnoDB AUTO_INCREMENT=37 DEFAULT CHARSET=utf8;
/*!40101 SET character_set_client = @saved_cs_client */;

--
-- Dumping data for table `unit_location`
--

LOCK TABLES `unit_location` WRITE;
/*!40000 ALTER TABLE `unit_location` DISABLE KEYS */;
INSERT INTO `unit_location` VALUES (1,1,1),(2,2,1),(3,3,1),(4,4,1),(5,5,6),(6,6,6),(7,5,7),(8,6,7),(9,1,8),(10,2,8),(11,3,8),(12,4,8),(13,5,9),(14,6,9),(27,5,10),(28,6,10),(29,5,11),(30,6,11),(31,5,12),(32,6,12),(33,5,13),(34,6,13),(35,5,14),(36,6,14);
/*!40000 ALTER TABLE `unit_location` ENABLE KEYS */;
UNLOCK TABLES;
/*!40103 SET TIME_ZONE=@OLD_TIME_ZONE */;

/*!40101 SET SQL_MODE=@OLD_SQL_MODE */;
/*!40014 SET FOREIGN_KEY_CHECKS=@OLD_FOREIGN_KEY_CHECKS */;
/*!40014 SET UNIQUE_CHECKS=@OLD_UNIQUE_CHECKS */;
/*!40101 SET CHARACTER_SET_CLIENT=@OLD_CHARACTER_SET_CLIENT */;
/*!40101 SET CHARACTER_SET_RESULTS=@OLD_CHARACTER_SET_RESULTS */;
/*!40101 SET COLLATION_CONNECTION=@OLD_COLLATION_CONNECTION */;
/*!40111 SET SQL_NOTES=@OLD_SQL_NOTES */;

-- Dump completed on 2020-09-23 22:48:29
